location,date,vaccine,source_url,total_vaccinations,people_vaccinated,people_fully_vaccinated
Angola,2021-03-01,Oxford/AstraZeneca,https://www.angop.ao/en/noticias/saude/covid-19-mais-de-seis-mil-profissionais-da-saude-vacinados-em-tres-dias/,0,0,
Angola,2021-03-08,Oxford/AstraZeneca,https://www.angop.ao/en/noticias/saude/covid-19-mais-de-seis-mil-profissionais-da-saude-vacinados-em-tres-dias/,6169,6169,
Angola,2021-03-18,Oxford/AstraZeneca,https://reliefweb.int/report/world/africa-s-covid-19-vaccination-gains-pace-nearly-7-million-doses-given,49000,49000,
Angola,2021-03-24,Oxford/AstraZeneca,https://www.angop.ao/en/noticias/saude/covid-19-angola-vacina-mais-de-80-mil-cidadaos/,87022,87022,
Angola,2021-03-29,Oxford/AstraZeneca,https://www.angop.ao/en/noticias/saude/covid-19-angola-com-130.750-pessoas-imunizadas/,130750,130750,
