location,date,vaccine,source_url,total_vaccinations,people_vaccinated,people_fully_vaccinated
Antigua and Barbuda,2021-02-16,Oxford/AstraZeneca,https://www.facebook.com/investingforwellness/photos/1112443472528959,0,,
Antigua and Barbuda,2021-03-15,Oxford/AstraZeneca,https://www.facebook.com/investingforwellness/photos/1128577244248915,24164,,
Antigua and Barbuda,2021-03-19,Oxford/AstraZeneca,https://www.facebook.com/investingforwellness/photos/a.259371477836167/1131568780616428/,25677,,
Antigua and Barbuda,2021-03-25,Oxford/AstraZeneca,https://www.facebook.com/investingforwellness/photos/a.259371477836167/1135388016901171/?type=3,26424,,
