location,date,vaccine,source_url,total_vaccinations,people_vaccinated,people_fully_vaccinated
Argentina,2020-12-29,Sputnik V,https://www.argentina.gob.ar/noticias/ministros-de-salud-del-pais-celebran-el-inicio-de-la-vacunacion-contra-la-covid-19,700,,
Argentina,2020-12-31,Sputnik V,https://www.argentina.gob.ar/sites/default/files/informe_seguridad_en_vacunas_31_12_2020.pdf,32013,,
Argentina,2021-01-04,Sputnik V,https://www.argentina.gob.ar/sites/default/files/informe_seguridad_en_vacunas_04_01_2021.pdf,39599,,
Argentina,2021-01-08,Sputnik V,https://www.argentina.gob.ar/noticias/ya-se-aplicaron-107542-dosis-de-la-vacuna-contra-covid-19-en-el-pais,107542,,
Argentina,2021-01-13,Sputnik V,https://www.argentina.gob.ar/noticias/continua-la-vacunacion-contra-el-virus-sars-cov-2-al-personal-de-salud,166833,,
Argentina,2021-01-15,Sputnik V,https://www.argentina.gob.ar/noticias/ya-se-aplicaron-200759-dosis-de-la-vacuna-contra-la-covid-19-en-argentina,200759,,
Argentina,2021-01-20,Sputnik V,http://datos.salud.gob.ar/dataset/vacunas-contra-covid-19-dosis-aplicadas-en-la-republica-argentina,247933,243539,4394
Argentina,2021-01-21,Sputnik V,http://datos.salud.gob.ar/dataset/vacunas-contra-covid-19-dosis-aplicadas-en-la-republica-argentina,265724,249372,16352
Argentina,2021-01-22,Sputnik V,http://datos.salud.gob.ar/dataset/vacunas-contra-covid-19-dosis-aplicadas-en-la-republica-argentina,279602,254456,25146
Argentina,2021-01-23,Sputnik V,http://datos.salud.gob.ar/dataset/vacunas-contra-covid-19-dosis-aplicadas-en-la-republica-argentina,288064,258876,29188
Argentina,2021-01-24,Sputnik V,http://datos.salud.gob.ar/dataset/vacunas-contra-covid-19-dosis-aplicadas-en-la-republica-argentina,292023,260036,31987
Argentina,2021-01-25,Sputnik V,http://datos.salud.gob.ar/dataset/vacunas-contra-covid-19-dosis-aplicadas-en-la-republica-argentina,292386,260122,32264
Argentina,2021-01-26,Sputnik V,http://datos.salud.gob.ar/dataset/vacunas-contra-covid-19-dosis-aplicadas-en-la-republica-argentina,305880,266969,38911
Argentina,2021-01-27,Sputnik V,http://datos.salud.gob.ar/dataset/vacunas-contra-covid-19-dosis-aplicadas-en-la-republica-argentina,318033,272323,45710
Argentina,2021-01-28,Sputnik V,http://datos.salud.gob.ar/dataset/vacunas-contra-covid-19-dosis-aplicadas-en-la-republica-argentina,327999,276548,51451
Argentina,2021-01-29,Sputnik V,http://datos.salud.gob.ar/dataset/vacunas-contra-covid-19-dosis-aplicadas-en-la-republica-argentina,344034,278451,65583
Argentina,2021-01-30,Sputnik V,http://datos.salud.gob.ar/dataset/vacunas-contra-covid-19-dosis-aplicadas-en-la-republica-argentina,366384,281023,85361
Argentina,2021-02-01,Sputnik V,http://datos.salud.gob.ar/dataset/vacunas-contra-covid-19-dosis-aplicadas-en-la-republica-argentina,375851,281577,94274
Argentina,2021-02-03,Sputnik V,http://datos.salud.gob.ar/dataset/vacunas-contra-covid-19-dosis-aplicadas-en-la-republica-argentina,396562,284196,112366
Argentina,2021-02-04,Sputnik V,http://datos.salud.gob.ar/dataset/vacunas-contra-covid-19-dosis-aplicadas-en-la-republica-argentina,444018,297717,146301
Argentina,2021-02-06,Sputnik V,http://datos.salud.gob.ar/dataset/vacunas-contra-covid-19-dosis-aplicadas-en-la-republica-argentina,471383,307501,163882
Argentina,2021-02-07,Sputnik V,http://datos.salud.gob.ar/dataset/vacunas-contra-covid-19-dosis-aplicadas-en-la-republica-argentina,501152,319316,181836
Argentina,2021-02-08,Sputnik V,http://datos.salud.gob.ar/dataset/vacunas-contra-covid-19-dosis-aplicadas-en-la-republica-argentina,511582,322318,189264
Argentina,2021-02-09,Sputnik V,http://datos.salud.gob.ar/dataset/vacunas-contra-covid-19-dosis-aplicadas-en-la-republica-argentina,513178,322975,190203
Argentina,2021-02-10,Sputnik V,http://datos.salud.gob.ar/dataset/vacunas-contra-covid-19-dosis-aplicadas-en-la-republica-argentina,535303,337772,197531
Argentina,2021-02-11,Sputnik V,http://datos.salud.gob.ar/dataset/vacunas-contra-covid-19-dosis-aplicadas-en-la-republica-argentina,572928,362649,210279
Argentina,2021-02-12,Sputnik V,http://datos.salud.gob.ar/dataset/vacunas-contra-covid-19-dosis-aplicadas-en-la-republica-argentina,591632,368023,223609
Argentina,2021-02-13,Sputnik V,http://datos.salud.gob.ar/dataset/vacunas-contra-covid-19-dosis-aplicadas-en-la-republica-argentina,606245,371629,234616
Argentina,2021-02-14,Sputnik V,http://datos.salud.gob.ar/dataset/vacunas-contra-covid-19-dosis-aplicadas-en-la-republica-argentina,609605,372122,237483
Argentina,2021-02-15,Sputnik V,http://datos.salud.gob.ar/dataset/vacunas-contra-covid-19-dosis-aplicadas-en-la-republica-argentina,609791,372181,237610
Argentina,2021-02-16,Sputnik V,http://datos.salud.gob.ar/dataset/vacunas-contra-covid-19-dosis-aplicadas-en-la-republica-argentina,611169,373253,237916
Argentina,2021-02-17,Sputnik V,http://datos.salud.gob.ar/dataset/vacunas-contra-covid-19-dosis-aplicadas-en-la-republica-argentina,612322,374002,238320
Argentina,2021-02-18,Sputnik V,http://datos.salud.gob.ar/dataset/vacunas-contra-covid-19-dosis-aplicadas-en-la-republica-argentina,635583,392399,243184
Argentina,2021-02-19,Sputnik V,http://datos.salud.gob.ar/dataset/vacunas-contra-covid-19-dosis-aplicadas-en-la-republica-argentina,668654,414958,253696
Argentina,2021-02-20,Sputnik V,http://datos.salud.gob.ar/dataset/vacunas-contra-covid-19-dosis-aplicadas-en-la-republica-argentina,707148,445614,261534
Argentina,2021-02-21,Sputnik V,http://datos.salud.gob.ar/dataset/vacunas-contra-covid-19-dosis-aplicadas-en-la-republica-argentina,720267,456929,263338
Argentina,2021-02-22,Sputnik V,http://datos.salud.gob.ar/dataset/vacunas-contra-covid-19-dosis-aplicadas-en-la-republica-argentina,722234,458822,263412
Argentina,2021-02-23,Sputnik V,http://datos.salud.gob.ar/dataset/vacunas-contra-covid-19-dosis-aplicadas-en-la-republica-argentina,746615,481689,264926
Argentina,2021-02-24,Sputnik V,http://datos.salud.gob.ar/dataset/vacunas-contra-covid-19-dosis-aplicadas-en-la-republica-argentina,780455,513394,267061
Argentina,2021-02-25,Sputnik V,http://datos.salud.gob.ar/dataset/vacunas-contra-covid-19-dosis-aplicadas-en-la-republica-argentina,829832,558831,271001
Argentina,2021-02-26,Sputnik V,http://datos.salud.gob.ar/dataset/vacunas-contra-covid-19-dosis-aplicadas-en-la-republica-argentina,903915,620635,283280
Argentina,2021-02-27,Sputnik V,http://datos.salud.gob.ar/dataset/vacunas-contra-covid-19-dosis-aplicadas-en-la-republica-argentina,984895,694470,290425
Argentina,2021-02-28,Sputnik V,http://datos.salud.gob.ar/dataset/vacunas-contra-covid-19-dosis-aplicadas-en-la-republica-argentina,1025003,731571,293432
Argentina,2021-03-01,Sputnik V,http://datos.salud.gob.ar/dataset/vacunas-contra-covid-19-dosis-aplicadas-en-la-republica-argentina,1049169,755212,293957
Argentina,2021-03-02,Sputnik V,http://datos.salud.gob.ar/dataset/vacunas-contra-covid-19-dosis-aplicadas-en-la-republica-argentina,1126108,823446,302662
Argentina,2021-03-03,Sputnik V,http://datos.salud.gob.ar/dataset/vacunas-contra-covid-19-dosis-aplicadas-en-la-republica-argentina,1181292,874916,306376
Argentina,2021-03-04,Sputnik V,http://datos.salud.gob.ar/dataset/vacunas-contra-covid-19-dosis-aplicadas-en-la-republica-argentina,1252461,941695,310766
Argentina,2021-03-05,Sputnik V,http://datos.salud.gob.ar/dataset/vacunas-contra-covid-19-dosis-aplicadas-en-la-republica-argentina,1357596,1030504,327092
Argentina,2021-03-07,Sputnik V,http://datos.salud.gob.ar/dataset/vacunas-contra-covid-19-dosis-aplicadas-en-la-republica-argentina,1526078,1182874,343204
Argentina,2021-03-08,"Oxford/AstraZeneca, Sinopharm/Beijing, Sputnik V",http://datos.salud.gob.ar/dataset/vacunas-contra-covid-19-dosis-aplicadas-en-la-republica-argentina,1546699,1202998,343701
Argentina,2021-03-09,"Oxford/AstraZeneca, Sinopharm/Beijing, Sputnik V",http://datos.salud.gob.ar/dataset/vacunas-contra-covid-19-dosis-aplicadas-en-la-republica-argentina,1648957,1301787,347170
Argentina,2021-03-10,"Oxford/AstraZeneca, Sinopharm/Beijing, Sputnik V",http://datos.salud.gob.ar/dataset/vacunas-contra-covid-19-dosis-aplicadas-en-la-republica-argentina,1774438,1424984,349454
Argentina,2021-03-11,"Oxford/AstraZeneca, Sinopharm/Beijing, Sputnik V",http://datos.salud.gob.ar/dataset/vacunas-contra-covid-19-dosis-aplicadas-en-la-republica-argentina,1919074,1564555,354519
Argentina,2021-03-12,"Oxford/AstraZeneca, Sinopharm/Beijing, Sputnik V",http://datos.salud.gob.ar/dataset/vacunas-contra-covid-19-dosis-aplicadas-en-la-republica-argentina,2098205,1719543,378662
Argentina,2021-03-13,"Oxford/AstraZeneca, Sinopharm/Beijing, Sputnik V",http://datos.salud.gob.ar/dataset/vacunas-contra-covid-19-dosis-aplicadas-en-la-republica-argentina,2294738,1876113,418625
Argentina,2021-03-14,"Oxford/AstraZeneca, Sinopharm/Beijing, Sputnik V",http://datos.salud.gob.ar/dataset/vacunas-contra-covid-19-dosis-aplicadas-en-la-republica-argentina,2381429,1932696,448733
Argentina,2021-03-15,"Oxford/AstraZeneca, Sinopharm/Beijing, Sputnik V",http://datos.salud.gob.ar/dataset/vacunas-contra-covid-19-dosis-aplicadas-en-la-republica-argentina,2404194,1952883,451311
Argentina,2021-03-16,"Oxford/AstraZeneca, Sinopharm/Beijing, Sputnik V",http://datos.salud.gob.ar/dataset/vacunas-contra-covid-19-dosis-aplicadas-en-la-republica-argentina,2541362,2064529,476833
Argentina,2021-03-17,"Oxford/AstraZeneca, Sinopharm/Beijing, Sputnik V",http://datos.salud.gob.ar/dataset/vacunas-contra-covid-19-dosis-aplicadas-en-la-republica-argentina,2668103,2170116,497987
Argentina,2021-03-18,"Oxford/AstraZeneca, Sinopharm/Beijing, Sputnik V",http://datos.salud.gob.ar/dataset/vacunas-contra-covid-19-dosis-aplicadas-en-la-republica-argentina,2805153,2289249,515904
Argentina,2021-03-19,"Oxford/AstraZeneca, Sinopharm/Beijing, Sputnik V",http://datos.salud.gob.ar/dataset/vacunas-contra-covid-19-dosis-aplicadas-en-la-republica-argentina,2939364,2382859,556505
Argentina,2021-03-20,"Oxford/AstraZeneca, Sinopharm/Beijing, Sputnik V",http://datos.salud.gob.ar/dataset/vacunas-contra-covid-19-dosis-aplicadas-en-la-republica-argentina,3063864,2472426,591438
Argentina,2021-03-21,"Oxford/AstraZeneca, Sinopharm/Beijing, Sputnik V",http://datos.salud.gob.ar/dataset/vacunas-contra-covid-19-dosis-aplicadas-en-la-republica-argentina,3119828,2514480,605348
Argentina,2021-03-22,"Oxford/AstraZeneca, Sinopharm/Beijing, Sputnik V",http://datos.salud.gob.ar/dataset/vacunas-contra-covid-19-dosis-aplicadas-en-la-republica-argentina,3142444,2535054,607390
Argentina,2021-03-23,"Oxford/AstraZeneca, Sinopharm/Beijing, Sputnik V",http://datos.salud.gob.ar/dataset/vacunas-contra-covid-19-dosis-aplicadas-en-la-republica-argentina,3240731,2618750,621981
Argentina,2021-03-24,"Oxford/AstraZeneca, Sinopharm/Beijing, Sputnik V",http://datos.salud.gob.ar/dataset/vacunas-contra-covid-19-dosis-aplicadas-en-la-republica-argentina,3328933,2694454,634479
Argentina,2021-03-25,"Oxford/AstraZeneca, Sinopharm/Beijing, Sputnik V",http://datos.salud.gob.ar/dataset/vacunas-contra-covid-19-dosis-aplicadas-en-la-republica-argentina,3365839,2730260,635579
Argentina,2021-03-26,"Oxford/AstraZeneca, Sinopharm/Beijing, Sputnik V",http://datos.salud.gob.ar/dataset/vacunas-contra-covid-19-dosis-aplicadas-en-la-republica-argentina,3474415,2824344,650071
Argentina,2021-03-27,"Oxford/AstraZeneca, Sinopharm/Beijing, Sputnik V",http://datos.salud.gob.ar/dataset/vacunas-contra-covid-19-dosis-aplicadas-en-la-republica-argentina,3570460,2908932,661528
Argentina,2021-03-28,"Oxford/AstraZeneca, Sinopharm/Beijing, Sputnik V",http://datos.salud.gob.ar/dataset/vacunas-contra-covid-19-dosis-aplicadas-en-la-republica-argentina,3625283,2959843,665440
Argentina,2021-03-29,"Oxford/AstraZeneca, Sinopharm/Beijing, Sputnik V",http://datos.salud.gob.ar/dataset/vacunas-contra-covid-19-dosis-aplicadas-en-la-republica-argentina,3646068,2980182,665886
Argentina,2021-03-30,"Oxford/AstraZeneca, Sinopharm/Beijing, Sputnik V",http://datos.salud.gob.ar/dataset/vacunas-contra-covid-19-dosis-aplicadas-en-la-republica-argentina,3744566,3073630,670936
Argentina,2021-03-31,"Oxford/AstraZeneca, Sinopharm/Beijing, Sputnik V",http://datos.salud.gob.ar/dataset/vacunas-contra-covid-19-dosis-aplicadas-en-la-republica-argentina,3891932,3214538,677394
Argentina,2021-04-01,"Oxford/AstraZeneca, Sinopharm/Beijing, Sputnik V",http://datos.salud.gob.ar/dataset/vacunas-contra-covid-19-dosis-aplicadas-en-la-republica-argentina,4023017,3342427,680590
