location,date,vaccine,source_url,total_vaccinations,people_vaccinated,people_fully_vaccinated
Austria,2020-12-27,"Moderna, Oxford/AstraZeneca, Pfizer/BioNTech",https://info.gesundheitsministerium.gv.at/opendata/,720,720,0
Austria,2020-12-28,"Moderna, Oxford/AstraZeneca, Pfizer/BioNTech",https://info.gesundheitsministerium.gv.at/opendata/,2013,2013,0
Austria,2020-12-29,"Moderna, Oxford/AstraZeneca, Pfizer/BioNTech",https://info.gesundheitsministerium.gv.at/opendata/,3628,3628,0
Austria,2020-12-30,"Moderna, Oxford/AstraZeneca, Pfizer/BioNTech",https://info.gesundheitsministerium.gv.at/opendata/,4974,4974,0
Austria,2020-12-31,"Moderna, Oxford/AstraZeneca, Pfizer/BioNTech",https://info.gesundheitsministerium.gv.at/opendata/,4982,4982,0
Austria,2021-01-01,"Moderna, Oxford/AstraZeneca, Pfizer/BioNTech",https://info.gesundheitsministerium.gv.at/opendata/,4984,4984,0
Austria,2021-01-02,"Moderna, Oxford/AstraZeneca, Pfizer/BioNTech",https://info.gesundheitsministerium.gv.at/opendata/,4990,4990,0
Austria,2021-01-03,"Moderna, Oxford/AstraZeneca, Pfizer/BioNTech",https://info.gesundheitsministerium.gv.at/opendata/,4991,4991,0
Austria,2021-01-04,"Moderna, Oxford/AstraZeneca, Pfizer/BioNTech",https://info.gesundheitsministerium.gv.at/opendata/,5105,5105,0
Austria,2021-01-05,"Moderna, Oxford/AstraZeneca, Pfizer/BioNTech",https://info.gesundheitsministerium.gv.at/opendata/,6866,6866,0
Austria,2021-01-06,"Moderna, Oxford/AstraZeneca, Pfizer/BioNTech",https://info.gesundheitsministerium.gv.at/opendata/,7698,7698,0
Austria,2021-01-07,"Moderna, Oxford/AstraZeneca, Pfizer/BioNTech",https://info.gesundheitsministerium.gv.at/opendata/,10852,10852,0
Austria,2021-01-08,"Moderna, Oxford/AstraZeneca, Pfizer/BioNTech",https://info.gesundheitsministerium.gv.at/opendata/,23752,23752,0
Austria,2021-01-09,"Moderna, Oxford/AstraZeneca, Pfizer/BioNTech",https://info.gesundheitsministerium.gv.at/opendata/,28124,28124,0
Austria,2021-01-10,"Moderna, Oxford/AstraZeneca, Pfizer/BioNTech",https://info.gesundheitsministerium.gv.at/opendata/,30314,30314,0
Austria,2021-01-11,"Moderna, Oxford/AstraZeneca, Pfizer/BioNTech",https://info.gesundheitsministerium.gv.at/opendata/,35881,35881,0
Austria,2021-01-12,"Moderna, Oxford/AstraZeneca, Pfizer/BioNTech",https://info.gesundheitsministerium.gv.at/opendata/,50184,50184,0
Austria,2021-01-13,"Moderna, Oxford/AstraZeneca, Pfizer/BioNTech",https://info.gesundheitsministerium.gv.at/opendata/,65197,65197,0
Austria,2021-01-14,"Moderna, Oxford/AstraZeneca, Pfizer/BioNTech",https://info.gesundheitsministerium.gv.at/opendata/,81551,81551,0
Austria,2021-01-15,"Moderna, Oxford/AstraZeneca, Pfizer/BioNTech",https://info.gesundheitsministerium.gv.at/opendata/,99280,99277,3
Austria,2021-01-16,"Moderna, Oxford/AstraZeneca, Pfizer/BioNTech",https://info.gesundheitsministerium.gv.at/opendata/,106000,105987,13
Austria,2021-01-17,"Moderna, Oxford/AstraZeneca, Pfizer/BioNTech",https://info.gesundheitsministerium.gv.at/opendata/,111634,111261,373
Austria,2021-01-18,"Moderna, Oxford/AstraZeneca, Pfizer/BioNTech",https://info.gesundheitsministerium.gv.at/opendata/,122861,121605,1256
Austria,2021-01-19,"Moderna, Oxford/AstraZeneca, Pfizer/BioNTech",https://info.gesundheitsministerium.gv.at/opendata/,148380,145682,2698
Austria,2021-01-20,"Moderna, Oxford/AstraZeneca, Pfizer/BioNTech",https://info.gesundheitsministerium.gv.at/opendata/,171676,167696,3980
Austria,2021-01-21,"Moderna, Oxford/AstraZeneca, Pfizer/BioNTech",https://info.gesundheitsministerium.gv.at/opendata/,191198,187054,4144
Austria,2021-01-22,"Moderna, Oxford/AstraZeneca, Pfizer/BioNTech",https://info.gesundheitsministerium.gv.at/opendata/,202786,198060,4726
Austria,2021-01-23,"Moderna, Oxford/AstraZeneca, Pfizer/BioNTech",https://info.gesundheitsministerium.gv.at/opendata/,205880,201152,4728
Austria,2021-01-24,"Moderna, Oxford/AstraZeneca, Pfizer/BioNTech",https://info.gesundheitsministerium.gv.at/opendata/,207110,202380,4730
Austria,2021-01-25,"Moderna, Oxford/AstraZeneca, Pfizer/BioNTech",https://info.gesundheitsministerium.gv.at/opendata/,208596,203760,4836
Austria,2021-01-26,"Moderna, Oxford/AstraZeneca, Pfizer/BioNTech",https://info.gesundheitsministerium.gv.at/opendata/,217008,211283,5725
Austria,2021-01-27,"Moderna, Oxford/AstraZeneca, Pfizer/BioNTech",https://info.gesundheitsministerium.gv.at/opendata/,224933,218705,6228
Austria,2021-01-28,"Moderna, Oxford/AstraZeneca, Pfizer/BioNTech",https://info.gesundheitsministerium.gv.at/opendata/,234698,225851,8847
Austria,2021-01-29,"Moderna, Oxford/AstraZeneca, Pfizer/BioNTech",https://info.gesundheitsministerium.gv.at/opendata/,249559,231144,18415
Austria,2021-01-30,"Moderna, Oxford/AstraZeneca, Pfizer/BioNTech",https://info.gesundheitsministerium.gv.at/opendata/,253195,232461,20734
Austria,2021-01-31,"Moderna, Oxford/AstraZeneca, Pfizer/BioNTech",https://info.gesundheitsministerium.gv.at/opendata/,254543,232813,21730
Austria,2021-02-01,"Moderna, Oxford/AstraZeneca, Pfizer/BioNTech",https://info.gesundheitsministerium.gv.at/opendata/,259089,234370,24719
Austria,2021-02-02,"Moderna, Oxford/AstraZeneca, Pfizer/BioNTech",https://info.gesundheitsministerium.gv.at/opendata/,275967,237464,38503
Austria,2021-02-03,"Moderna, Oxford/AstraZeneca, Pfizer/BioNTech",https://info.gesundheitsministerium.gv.at/opendata/,293511,240633,52878
Austria,2021-02-04,"Moderna, Oxford/AstraZeneca, Pfizer/BioNTech",https://info.gesundheitsministerium.gv.at/opendata/,313382,243561,69821
Austria,2021-02-05,"Moderna, Oxford/AstraZeneca, Pfizer/BioNTech",https://info.gesundheitsministerium.gv.at/opendata/,333979,247580,86399
Austria,2021-02-06,"Moderna, Oxford/AstraZeneca, Pfizer/BioNTech",https://info.gesundheitsministerium.gv.at/opendata/,342853,250305,92548
Austria,2021-02-07,"Moderna, Oxford/AstraZeneca, Pfizer/BioNTech",https://info.gesundheitsministerium.gv.at/opendata/,347810,250900,96910
Austria,2021-02-08,"Moderna, Oxford/AstraZeneca, Pfizer/BioNTech",https://info.gesundheitsministerium.gv.at/opendata/,357277,252913,104364
Austria,2021-02-09,"Moderna, Oxford/AstraZeneca, Pfizer/BioNTech",https://info.gesundheitsministerium.gv.at/opendata/,376163,255698,120465
Austria,2021-02-10,"Moderna, Oxford/AstraZeneca, Pfizer/BioNTech",https://info.gesundheitsministerium.gv.at/opendata/,397601,259197,138404
Austria,2021-02-11,"Moderna, Oxford/AstraZeneca, Pfizer/BioNTech",https://info.gesundheitsministerium.gv.at/opendata/,421558,264362,157196
Austria,2021-02-12,"Moderna, Oxford/AstraZeneca, Pfizer/BioNTech",https://info.gesundheitsministerium.gv.at/opendata/,447821,272572,175249
Austria,2021-02-13,"Moderna, Oxford/AstraZeneca, Pfizer/BioNTech",https://info.gesundheitsministerium.gv.at/opendata/,458080,277781,180299
Austria,2021-02-14,"Moderna, Oxford/AstraZeneca, Pfizer/BioNTech",https://info.gesundheitsministerium.gv.at/opendata/,460079,278233,181846
Austria,2021-02-15,"Moderna, Oxford/AstraZeneca, Pfizer/BioNTech",https://info.gesundheitsministerium.gv.at/opendata/,467125,282113,185012
Austria,2021-02-16,"Moderna, Oxford/AstraZeneca, Pfizer/BioNTech",https://info.gesundheitsministerium.gv.at/opendata/,481450,289020,192430
Austria,2021-02-17,"Moderna, Oxford/AstraZeneca, Pfizer/BioNTech",https://info.gesundheitsministerium.gv.at/opendata/,500565,298628,201937
Austria,2021-02-18,"Moderna, Oxford/AstraZeneca, Pfizer/BioNTech",https://info.gesundheitsministerium.gv.at/opendata/,519964,310108,209856
Austria,2021-02-19,"Moderna, Oxford/AstraZeneca, Pfizer/BioNTech",https://info.gesundheitsministerium.gv.at/opendata/,541088,322887,218201
Austria,2021-02-20,"Moderna, Oxford/AstraZeneca, Pfizer/BioNTech",https://info.gesundheitsministerium.gv.at/opendata/,553947,334062,219885
Austria,2021-02-21,"Moderna, Oxford/AstraZeneca, Pfizer/BioNTech",https://info.gesundheitsministerium.gv.at/opendata/,559856,339561,220295
Austria,2021-02-22,"Moderna, Oxford/AstraZeneca, Pfizer/BioNTech",https://info.gesundheitsministerium.gv.at/opendata/,566694,344595,222099
Austria,2021-02-23,"Moderna, Oxford/AstraZeneca, Pfizer/BioNTech",https://info.gesundheitsministerium.gv.at/opendata/,581149,354682,226467
Austria,2021-02-24,"Moderna, Oxford/AstraZeneca, Pfizer/BioNTech",https://info.gesundheitsministerium.gv.at/opendata/,600603,370754,229849
Austria,2021-02-25,"Moderna, Oxford/AstraZeneca, Pfizer/BioNTech",https://info.gesundheitsministerium.gv.at/opendata/,620192,386827,233365
Austria,2021-02-26,"Moderna, Oxford/AstraZeneca, Pfizer/BioNTech",https://info.gesundheitsministerium.gv.at/opendata/,648334,410331,238003
Austria,2021-02-27,"Moderna, Oxford/AstraZeneca, Pfizer/BioNTech",https://info.gesundheitsministerium.gv.at/opendata/,672785,432848,239937
Austria,2021-02-28,"Moderna, Oxford/AstraZeneca, Pfizer/BioNTech",https://info.gesundheitsministerium.gv.at/opendata/,682936,442562,240374
Austria,2021-03-01,"Moderna, Oxford/AstraZeneca, Pfizer/BioNTech",https://info.gesundheitsministerium.gv.at/opendata/,691387,450171,241216
Austria,2021-03-02,"Moderna, Oxford/AstraZeneca, Pfizer/BioNTech",https://info.gesundheitsministerium.gv.at/opendata/,716139,472637,243502
Austria,2021-03-03,"Moderna, Oxford/AstraZeneca, Pfizer/BioNTech",https://info.gesundheitsministerium.gv.at/opendata/,743352,497536,245816
Austria,2021-03-04,"Moderna, Oxford/AstraZeneca, Pfizer/BioNTech",https://info.gesundheitsministerium.gv.at/opendata/,769714,521182,248532
Austria,2021-03-05,"Moderna, Oxford/AstraZeneca, Pfizer/BioNTech",https://info.gesundheitsministerium.gv.at/opendata/,805069,553694,251375
Austria,2021-03-06,"Moderna, Oxford/AstraZeneca, Pfizer/BioNTech",https://info.gesundheitsministerium.gv.at/opendata/,832465,578635,253830
Austria,2021-03-07,"Moderna, Oxford/AstraZeneca, Pfizer/BioNTech",https://info.gesundheitsministerium.gv.at/opendata/,844251,589788,254463
Austria,2021-03-08,"Moderna, Oxford/AstraZeneca, Pfizer/BioNTech",https://info.gesundheitsministerium.gv.at/opendata/,855621,599800,255821
Austria,2021-03-09,"Moderna, Oxford/AstraZeneca, Pfizer/BioNTech",https://info.gesundheitsministerium.gv.at/opendata/,883407,624147,259260
Austria,2021-03-10,"Moderna, Oxford/AstraZeneca, Pfizer/BioNTech",https://info.gesundheitsministerium.gv.at/opendata/,911591,647879,263712
Austria,2021-03-11,"Moderna, Oxford/AstraZeneca, Pfizer/BioNTech",https://info.gesundheitsministerium.gv.at/opendata/,955450,686437,269013
Austria,2021-03-12,"Moderna, Oxford/AstraZeneca, Pfizer/BioNTech",https://info.gesundheitsministerium.gv.at/opendata/,1012119,737852,274267
Austria,2021-03-13,"Moderna, Oxford/AstraZeneca, Pfizer/BioNTech",https://info.gesundheitsministerium.gv.at/opendata/,1062833,782879,279954
Austria,2021-03-14,"Moderna, Oxford/AstraZeneca, Pfizer/BioNTech",https://info.gesundheitsministerium.gv.at/opendata/,1092137,808101,284036
Austria,2021-03-15,"Moderna, Oxford/AstraZeneca, Pfizer/BioNTech",https://info.gesundheitsministerium.gv.at/opendata/,1112541,826270,286271
Austria,2021-03-16,"Moderna, Oxford/AstraZeneca, Pfizer/BioNTech",https://info.gesundheitsministerium.gv.at/opendata/,1140168,847722,292446
Austria,2021-03-17,"Moderna, Oxford/AstraZeneca, Pfizer/BioNTech",https://info.gesundheitsministerium.gv.at/opendata/,1172961,872671,300290
Austria,2021-03-18,"Moderna, Oxford/AstraZeneca, Pfizer/BioNTech",https://info.gesundheitsministerium.gv.at/opendata/,1206884,898757,308127
Austria,2021-03-19,"Moderna, Oxford/AstraZeneca, Pfizer/BioNTech",https://info.gesundheitsministerium.gv.at/opendata/,1258514,942277,316237
Austria,2021-03-20,"Moderna, Oxford/AstraZeneca, Pfizer/BioNTech",https://info.gesundheitsministerium.gv.at/opendata/,1304458,979015,325443
Austria,2021-03-21,"Moderna, Oxford/AstraZeneca, Pfizer/BioNTech",https://info.gesundheitsministerium.gv.at/opendata/,1319595,990506,329089
Austria,2021-03-22,"Moderna, Oxford/AstraZeneca, Pfizer/BioNTech",https://info.gesundheitsministerium.gv.at/opendata/,1334940,1003472,331468
Austria,2021-03-23,"Moderna, Oxford/AstraZeneca, Pfizer/BioNTech",https://info.gesundheitsministerium.gv.at/opendata/,1368540,1021558,346982
Austria,2021-03-24,"Moderna, Oxford/AstraZeneca, Pfizer/BioNTech",https://info.gesundheitsministerium.gv.at/opendata/,1405964,1042046,363918
Austria,2021-03-25,"Moderna, Oxford/AstraZeneca, Pfizer/BioNTech",https://info.gesundheitsministerium.gv.at/opendata/,1449665,1070255,379410
Austria,2021-03-26,"Moderna, Oxford/AstraZeneca, Pfizer/BioNTech",https://info.gesundheitsministerium.gv.at/opendata/,1497741,1100745,396996
Austria,2021-03-27,"Moderna, Oxford/AstraZeneca, Pfizer/BioNTech",https://info.gesundheitsministerium.gv.at/opendata/,1537137,1126113,411024
Austria,2021-03-28,"Moderna, Oxford/AstraZeneca, Pfizer/BioNTech",https://info.gesundheitsministerium.gv.at/opendata/,1551211,1135781,415430
Austria,2021-03-29,"Moderna, Oxford/AstraZeneca, Pfizer/BioNTech",https://info.gesundheitsministerium.gv.at/opendata/,1576120,1155534,420586
Austria,2021-03-30,"Moderna, Oxford/AstraZeneca, Pfizer/BioNTech",https://info.gesundheitsministerium.gv.at/opendata/,1614891,1183309,431582
Austria,2021-03-31,"Moderna, Oxford/AstraZeneca, Pfizer/BioNTech",https://info.gesundheitsministerium.gv.at/opendata/,1641332,1199887,441445
