location,date,vaccine,source_url,total_vaccinations,people_vaccinated,people_fully_vaccinated
Belgium,2020-12-28,Pfizer/BioNTech,https://epistat.wiv-isp.be/covid/,298,298,0
Belgium,2020-12-29,Pfizer/BioNTech,https://epistat.wiv-isp.be/covid/,299,299,0
Belgium,2020-12-30,Pfizer/BioNTech,https://epistat.wiv-isp.be/covid/,777,777,0
Belgium,2020-12-31,Pfizer/BioNTech,https://epistat.wiv-isp.be/covid/,786,786,0
Belgium,2021-01-01,Pfizer/BioNTech,https://epistat.wiv-isp.be/covid/,794,794,0
Belgium,2021-01-04,Pfizer/BioNTech,https://epistat.wiv-isp.be/covid/,797,797,0
Belgium,2021-01-05,Pfizer/BioNTech,https://epistat.wiv-isp.be/covid/,2444,2444,0
Belgium,2021-01-06,Pfizer/BioNTech,https://epistat.wiv-isp.be/covid/,6321,6321,0
Belgium,2021-01-07,Pfizer/BioNTech,https://epistat.wiv-isp.be/covid/,14502,14502,0
Belgium,2021-01-08,Pfizer/BioNTech,https://epistat.wiv-isp.be/covid/,23732,23732,0
Belgium,2021-01-09,Pfizer/BioNTech,https://epistat.wiv-isp.be/covid/,26938,26938,0
Belgium,2021-01-10,Pfizer/BioNTech,https://epistat.wiv-isp.be/covid/,27337,27337,0
Belgium,2021-01-11,Pfizer/BioNTech,https://epistat.wiv-isp.be/covid/,32916,32916,0
Belgium,2021-01-12,Pfizer/BioNTech,https://epistat.wiv-isp.be/covid/,48532,48532,0
Belgium,2021-01-13,Pfizer/BioNTech,https://epistat.wiv-isp.be/covid/,69859,69859,0
Belgium,2021-01-14,Pfizer/BioNTech,https://epistat.wiv-isp.be/covid/,93009,93009,0
Belgium,2021-01-15,Pfizer/BioNTech,https://epistat.wiv-isp.be/covid/,116279,116279,0
Belgium,2021-01-16,Pfizer/BioNTech,https://epistat.wiv-isp.be/covid/,121436,121436,0
Belgium,2021-01-17,"Moderna, Pfizer/BioNTech",https://epistat.wiv-isp.be/covid/,124734,124734,0
Belgium,2021-01-18,"Moderna, Pfizer/BioNTech",https://epistat.wiv-isp.be/covid/,135731,135622,109
Belgium,2021-01-19,"Moderna, Pfizer/BioNTech",https://epistat.wiv-isp.be/covid/,154957,154667,290
Belgium,2021-01-20,"Moderna, Pfizer/BioNTech",https://epistat.wiv-isp.be/covid/,176121,175408,713
Belgium,2021-01-21,"Moderna, Pfizer/BioNTech",https://epistat.wiv-isp.be/covid/,206179,205466,713
Belgium,2021-01-22,"Moderna, Pfizer/BioNTech",https://epistat.wiv-isp.be/covid/,235584,234839,745
Belgium,2021-01-23,"Moderna, Pfizer/BioNTech",https://epistat.wiv-isp.be/covid/,243831,243079,752
Belgium,2021-01-24,"Moderna, Pfizer/BioNTech",https://epistat.wiv-isp.be/covid/,245707,244955,752
Belgium,2021-01-25,"Moderna, Pfizer/BioNTech",https://epistat.wiv-isp.be/covid/,256973,256221,752
Belgium,2021-01-26,"Moderna, Pfizer/BioNTech",https://epistat.wiv-isp.be/covid/,269573,267172,2401
Belgium,2021-01-27,"Moderna, Pfizer/BioNTech",https://epistat.wiv-isp.be/covid/,286022,280218,5804
Belgium,2021-01-28,"Moderna, Pfizer/BioNTech",https://epistat.wiv-isp.be/covid/,308972,295754,13218
Belgium,2021-01-29,"Moderna, Pfizer/BioNTech",https://epistat.wiv-isp.be/covid/,329882,307822,22060
Belgium,2021-01-30,"Moderna, Pfizer/BioNTech",https://epistat.wiv-isp.be/covid/,334346,309412,24934
Belgium,2021-01-31,"Moderna, Pfizer/BioNTech",https://epistat.wiv-isp.be/covid/,335248,309986,25262
Belgium,2021-02-01,"Moderna, Pfizer/BioNTech",https://epistat.wiv-isp.be/covid/,342920,313904,29016
Belgium,2021-02-02,"Moderna, Pfizer/BioNTech",https://epistat.wiv-isp.be/covid/,366727,324040,42687
Belgium,2021-02-03,"Moderna, Pfizer/BioNTech",https://epistat.wiv-isp.be/covid/,397141,334140,63001
Belgium,2021-02-04,"Moderna, Pfizer/BioNTech",https://epistat.wiv-isp.be/covid/,430787,344067,86720
Belgium,2021-02-05,"Moderna, Pfizer/BioNTech",https://epistat.wiv-isp.be/covid/,461230,351968,109262
Belgium,2021-02-06,"Moderna, Pfizer/BioNTech",https://epistat.wiv-isp.be/covid/,467685,353209,114476
Belgium,2021-02-07,"Moderna, Pfizer/BioNTech",https://epistat.wiv-isp.be/covid/,471052,353516,117536
Belgium,2021-02-08,"Moderna, Oxford/AstraZeneca, Pfizer/BioNTech",https://epistat.wiv-isp.be/covid/,481120,355854,125266
Belgium,2021-02-09,"Moderna, Oxford/AstraZeneca, Pfizer/BioNTech",https://epistat.wiv-isp.be/covid/,508504,363903,144601
Belgium,2021-02-10,"Moderna, Oxford/AstraZeneca, Pfizer/BioNTech",https://epistat.wiv-isp.be/covid/,533733,370528,163205
Belgium,2021-02-11,"Moderna, Oxford/AstraZeneca, Pfizer/BioNTech",https://epistat.wiv-isp.be/covid/,569749,378558,191191
Belgium,2021-02-12,"Moderna, Oxford/AstraZeneca, Pfizer/BioNTech",https://epistat.wiv-isp.be/covid/,603823,385171,218652
Belgium,2021-02-13,"Moderna, Oxford/AstraZeneca, Pfizer/BioNTech",https://epistat.wiv-isp.be/covid/,612400,385773,226627
Belgium,2021-02-14,"Moderna, Oxford/AstraZeneca, Pfizer/BioNTech",https://epistat.wiv-isp.be/covid/,614317,385846,228471
Belgium,2021-02-15,"Moderna, Oxford/AstraZeneca, Pfizer/BioNTech",https://epistat.wiv-isp.be/covid/,627923,387897,240026
Belgium,2021-02-16,"Moderna, Oxford/AstraZeneca, Pfizer/BioNTech",https://epistat.wiv-isp.be/covid/,642336,391906,250430
Belgium,2021-02-17,"Moderna, Oxford/AstraZeneca, Pfizer/BioNTech",https://epistat.wiv-isp.be/covid/,661959,398995,262964
Belgium,2021-02-18,"Moderna, Oxford/AstraZeneca, Pfizer/BioNTech",https://epistat.wiv-isp.be/covid/,689644,409919,279725
Belgium,2021-02-19,"Moderna, Oxford/AstraZeneca, Pfizer/BioNTech",https://epistat.wiv-isp.be/covid/,720118,427583,292535
Belgium,2021-02-20,"Moderna, Oxford/AstraZeneca, Pfizer/BioNTech",https://epistat.wiv-isp.be/covid/,725917,431810,294107
Belgium,2021-02-21,"Moderna, Oxford/AstraZeneca, Pfizer/BioNTech",https://epistat.wiv-isp.be/covid/,728064,433695,294369
Belgium,2021-02-22,"Moderna, Oxford/AstraZeneca, Pfizer/BioNTech",https://epistat.wiv-isp.be/covid/,740571,443395,297176
Belgium,2021-02-23,"Moderna, Oxford/AstraZeneca, Pfizer/BioNTech",https://epistat.wiv-isp.be/covid/,760352,455576,304776
Belgium,2021-02-24,"Moderna, Oxford/AstraZeneca, Pfizer/BioNTech",https://epistat.wiv-isp.be/covid/,783082,470325,312757
Belgium,2021-02-25,"Moderna, Oxford/AstraZeneca, Pfizer/BioNTech",https://epistat.wiv-isp.be/covid/,814448,493038,321410
Belgium,2021-02-26,"Moderna, Oxford/AstraZeneca, Pfizer/BioNTech",https://epistat.wiv-isp.be/covid/,846052,518021,328031
Belgium,2021-02-27,"Moderna, Oxford/AstraZeneca, Pfizer/BioNTech",https://epistat.wiv-isp.be/covid/,850475,521696,328779
Belgium,2021-02-28,"Moderna, Oxford/AstraZeneca, Pfizer/BioNTech",https://epistat.wiv-isp.be/covid/,851296,522295,329001
Belgium,2021-03-01,"Moderna, Oxford/AstraZeneca, Pfizer/BioNTech",https://epistat.wiv-isp.be/covid/,864576,532889,331687
Belgium,2021-03-02,"Moderna, Oxford/AstraZeneca, Pfizer/BioNTech",https://epistat.wiv-isp.be/covid/,887874,549454,338420
Belgium,2021-03-03,"Moderna, Oxford/AstraZeneca, Pfizer/BioNTech",https://epistat.wiv-isp.be/covid/,917166,572784,344382
Belgium,2021-03-04,"Moderna, Oxford/AstraZeneca, Pfizer/BioNTech",https://epistat.wiv-isp.be/covid/,965750,613101,352649
Belgium,2021-03-05,"Moderna, Oxford/AstraZeneca, Pfizer/BioNTech",https://epistat.wiv-isp.be/covid/,1008643,649954,358689
Belgium,2021-03-06,"Moderna, Oxford/AstraZeneca, Pfizer/BioNTech",https://epistat.wiv-isp.be/covid/,1017023,657646,359377
Belgium,2021-03-07,"Moderna, Oxford/AstraZeneca, Pfizer/BioNTech",https://epistat.wiv-isp.be/covid/,1018491,658937,359554
Belgium,2021-03-08,"Moderna, Oxford/AstraZeneca, Pfizer/BioNTech",https://epistat.wiv-isp.be/covid/,1035694,674179,361515
Belgium,2021-03-09,"Moderna, Oxford/AstraZeneca, Pfizer/BioNTech",https://epistat.wiv-isp.be/covid/,1063349,694852,368497
Belgium,2021-03-10,"Moderna, Oxford/AstraZeneca, Pfizer/BioNTech",https://epistat.wiv-isp.be/covid/,1098614,721139,377475
Belgium,2021-03-11,"Moderna, Oxford/AstraZeneca, Pfizer/BioNTech",https://epistat.wiv-isp.be/covid/,1150864,763604,387260
Belgium,2021-03-12,"Moderna, Oxford/AstraZeneca, Pfizer/BioNTech",https://epistat.wiv-isp.be/covid/,1193385,793239,400146
Belgium,2021-03-13,"Moderna, Oxford/AstraZeneca, Pfizer/BioNTech",https://epistat.wiv-isp.be/covid/,1202697,800503,402194
Belgium,2021-03-14,"Moderna, Oxford/AstraZeneca, Pfizer/BioNTech",https://epistat.wiv-isp.be/covid/,1203831,800521,403310
Belgium,2021-03-15,"Moderna, Oxford/AstraZeneca, Pfizer/BioNTech",https://epistat.wiv-isp.be/covid/,1233936,826094,407842
Belgium,2021-03-16,"Moderna, Oxford/AstraZeneca, Pfizer/BioNTech",https://epistat.wiv-isp.be/covid/,1279534,867624,411910
Belgium,2021-03-17,"Moderna, Oxford/AstraZeneca, Pfizer/BioNTech",https://epistat.wiv-isp.be/covid/,1324417,904614,419803
Belgium,2021-03-18,"Moderna, Oxford/AstraZeneca, Pfizer/BioNTech",https://epistat.wiv-isp.be/covid/,1397151,960899,436252
Belgium,2021-03-19,"Moderna, Oxford/AstraZeneca, Pfizer/BioNTech",https://epistat.wiv-isp.be/covid/,1461811,1007386,454425
Belgium,2021-03-20,"Moderna, Oxford/AstraZeneca, Pfizer/BioNTech",https://epistat.wiv-isp.be/covid/,1483133,1027435,455698
Belgium,2021-03-21,"Moderna, Oxford/AstraZeneca, Pfizer/BioNTech",https://epistat.wiv-isp.be/covid/,1484028,1027819,456209
Belgium,2021-03-22,"Moderna, Oxford/AstraZeneca, Pfizer/BioNTech",https://epistat.wiv-isp.be/covid/,1515640,1054495,461145
Belgium,2021-03-23,"Moderna, Oxford/AstraZeneca, Pfizer/BioNTech",https://epistat.wiv-isp.be/covid/,1562082,1095760,466322
Belgium,2021-03-24,"Moderna, Oxford/AstraZeneca, Pfizer/BioNTech",https://epistat.wiv-isp.be/covid/,1621735,1145277,476458
Belgium,2021-03-25,"Moderna, Oxford/AstraZeneca, Pfizer/BioNTech",https://epistat.wiv-isp.be/covid/,1695033,1200044,494989
Belgium,2021-03-26,"Moderna, Oxford/AstraZeneca, Pfizer/BioNTech",https://epistat.wiv-isp.be/covid/,1759317,1247863,511454
Belgium,2021-03-27,"Moderna, Oxford/AstraZeneca, Pfizer/BioNTech",https://epistat.wiv-isp.be/covid/,1780659,1265621,515038
Belgium,2021-03-28,"Moderna, Oxford/AstraZeneca, Pfizer/BioNTech",https://epistat.wiv-isp.be/covid/,1782925,1267004,515921
Belgium,2021-03-29,"Moderna, Oxford/AstraZeneca, Pfizer/BioNTech",https://epistat.wiv-isp.be/covid/,1801597,1281808,519789
Belgium,2021-03-30,"Moderna, Oxford/AstraZeneca, Pfizer/BioNTech",https://epistat.wiv-isp.be/covid/,1827784,1303644,524140
Belgium,2021-03-31,"Moderna, Oxford/AstraZeneca, Pfizer/BioNTech",https://epistat.wiv-isp.be/covid/,1868577,1340320,528257
