location,date,vaccine,source_url,total_vaccinations,people_vaccinated,people_fully_vaccinated
Bhutan,2021-03-26,Oxford/AstraZeneca,https://kuenselonline.com/bhutan-to-vaccinate-533558-in-a-week/,0,0,0
Bhutan,2021-03-27,Oxford/AstraZeneca,https://www.facebook.com/MoHBhutan/photos/a.771480979580187/4013252358736350,85949,85949,0
Bhutan,2021-03-28,Oxford/AstraZeneca,https://www.facebook.com/MoHBhutan/photos/a.999012646827018/4016380668423519/,183271,183271,0
Bhutan,2021-03-29,Oxford/AstraZeneca,https://www.facebook.com/MoHBhutan/photos/a.999012646827018/4020586948002891/,274703,274703,0
Bhutan,2021-03-30,Oxford/AstraZeneca,https://www.facebook.com/MoHBhutan/posts/4022892721105647?__cft__[0]=AZUTbctvwOdDZjjSLadAGtMtxmGYrThgYDQ8poGXsJzeTyQ1_QebgEj_gc15KINPy_i5ksCwWm9iWkIULunvpn6fEagpV8x5nRgNKXGl3WdL87QMVXWUwtvgbDKnYFP5RBfbLXqrIbQNbZmk2Zl_Ku21&__tn__=%2CO%2CP-R,340917,340917,0
Bhutan,2021-03-31,Oxford/AstraZeneca,https://www.facebook.com/MoHBhutan/posts/4025732337488352?__cft__[0]=AZVTzF8LzaFGPw5G2zyXkVACUxk2Vu6rWi20r3foMTIvYR9F1lr5hCfLC0vdEf3E8Ia2VuzSivrfYw9M2rBK4qEH_lEoJ4_8zgCcEe5lOZQqSxHFVw1aXw7MVwaPCGCquR4bAT7DjPyHnUFAc6NLZbdz&__tn__=%2CO%2CP-R,379425,379425,0
Bhutan,2021-04-01,Oxford/AstraZeneca,https://www.facebook.com/MoHBhutan/posts/4028889257172660?__cft__[0]=AZW0R1QSxAhxotDJJx7fJ8ngQcwKhrLQqx5efmB0MJEF7eWSsxDF-e--p11rHdl3q3Oh8aYJICuKvxkf7gMZAMHQiW5X1jZzpOhfFafdQqvFJEAA80dZKm9D7nzY2kOX9Myoyei6BcTE1wXu8x_FwDSU&__tn__=%2CO%2CP-R,423114,423114,0
