location,date,vaccine,source_url,total_vaccinations,people_vaccinated,people_fully_vaccinated
Colombia,2021-02-17,"Pfizer/BioNTech, Sinovac",https://www.minsalud.gov.co/salud/publica/Vacunacion/Paginas/Vacunacion-covid-19.aspx,18,,
Colombia,2021-02-18,"Pfizer/BioNTech, Sinovac",https://www.minsalud.gov.co/salud/publica/Vacunacion/Paginas/Vacunacion-covid-19.aspx,9935,,
Colombia,2021-02-19,"Pfizer/BioNTech, Sinovac",https://www.minsalud.gov.co/salud/publica/Vacunacion/Paginas/Vacunacion-covid-19.aspx,21307,,
Colombia,2021-02-20,"Pfizer/BioNTech, Sinovac",https://www.minsalud.gov.co/salud/publica/Vacunacion/Paginas/Vacunacion-covid-19.aspx,33140,,
Colombia,2021-02-21,"Pfizer/BioNTech, Sinovac",https://www.minsalud.gov.co/salud/publica/Vacunacion/Paginas/Vacunacion-covid-19.aspx,39827,,
Colombia,2021-02-22,"Pfizer/BioNTech, Sinovac",https://www.minsalud.gov.co/salud/publica/Vacunacion/Paginas/Vacunacion-covid-19.aspx,45166,,
Colombia,2021-02-23,"Pfizer/BioNTech, Sinovac",https://www.minsalud.gov.co/salud/publica/Vacunacion/Paginas/Vacunacion-covid-19.aspx,48150,,
Colombia,2021-02-24,"Pfizer/BioNTech, Sinovac",https://www.minsalud.gov.co/salud/publica/Vacunacion/Paginas/Vacunacion-covid-19.aspx,50524,,
Colombia,2021-02-25,"Pfizer/BioNTech, Sinovac",https://www.minsalud.gov.co/salud/publica/Vacunacion/Paginas/Vacunacion-covid-19.aspx,66157,,
Colombia,2021-02-26,"Pfizer/BioNTech, Sinovac",https://www.minsalud.gov.co/salud/publica/Vacunacion/Paginas/Vacunacion-covid-19.aspx,81333,,
Colombia,2021-02-27,"Pfizer/BioNTech, Sinovac",https://www.minsalud.gov.co/salud/publica/Vacunacion/Paginas/Vacunacion-covid-19.aspx,114042,,
Colombia,2021-02-28,"Pfizer/BioNTech, Sinovac",https://www.minsalud.gov.co/salud/publica/Vacunacion/Paginas/Vacunacion-covid-19.aspx,130578,,
Colombia,2021-03-01,"Pfizer/BioNTech, Sinovac",https://www.minsalud.gov.co/salud/publica/Vacunacion/Paginas/Vacunacion-covid-19.aspx,149133,,
Colombia,2021-03-02,"Pfizer/BioNTech, Sinovac",https://www.minsalud.gov.co/salud/publica/Vacunacion/Paginas/Vacunacion-covid-19.aspx,169619,,
Colombia,2021-03-03,"Pfizer/BioNTech, Sinovac",https://www.minsalud.gov.co/salud/publica/Vacunacion/Paginas/Vacunacion-covid-19.aspx,191480,,
Colombia,2021-03-04,"Pfizer/BioNTech, Sinovac",https://www.minsalud.gov.co/salud/publica/Vacunacion/Paginas/Vacunacion-covid-19.aspx,206475,,
Colombia,2021-03-05,"Pfizer/BioNTech, Sinovac",https://www.minsalud.gov.co/salud/publica/Vacunacion/Paginas/Vacunacion-covid-19.aspx,239851,,
Colombia,2021-03-06,"Pfizer/BioNTech, Sinovac",https://www.minsalud.gov.co/salud/publica/Vacunacion/Paginas/Vacunacion-covid-19.aspx,270411,,
Colombia,2021-03-07,"Pfizer/BioNTech, Sinovac",https://www.minsalud.gov.co/salud/publica/Vacunacion/Paginas/Vacunacion-covid-19.aspx,299400,,
Colombia,2021-03-08,"Pfizer/BioNTech, Sinovac",https://www.minsalud.gov.co/salud/publica/Vacunacion/Paginas/Vacunacion-covid-19.aspx,316079,,
Colombia,2021-03-09,"Pfizer/BioNTech, Sinovac",https://www.minsalud.gov.co/salud/publica/Vacunacion/Paginas/Vacunacion-covid-19.aspx,403095,,
Colombia,2021-03-10,"Pfizer/BioNTech, Sinovac",https://www.minsalud.gov.co/salud/publica/Vacunacion/Paginas/Vacunacion-covid-19.aspx,480250,,
Colombia,2021-03-11,"Pfizer/BioNTech, Sinovac",https://www.minsalud.gov.co/salud/publica/Vacunacion/Paginas/Vacunacion-covid-19.aspx,589208,,
Colombia,2021-03-12,"Pfizer/BioNTech, Sinovac",https://www.minsalud.gov.co/salud/publica/Vacunacion/Paginas/Vacunacion-covid-19.aspx,693490,,
Colombia,2021-03-13,"Pfizer/BioNTech, Sinovac",https://www.minsalud.gov.co/salud/publica/Vacunacion/Paginas/Vacunacion-covid-19.aspx,782301,749059,33242
Colombia,2021-03-14,"Pfizer/BioNTech, Sinovac",https://www.minsalud.gov.co/salud/publica/Vacunacion/Paginas/Vacunacion-covid-19.aspx,843204,803656,39548
Colombia,2021-03-15,"Pfizer/BioNTech, Sinovac",https://www.minsalud.gov.co/salud/publica/Vacunacion/Paginas/Vacunacion-covid-19.aspx,913961,868994,44967
Colombia,2021-03-16,"Pfizer/BioNTech, Sinovac",https://www.minsalud.gov.co/salud/publica/Vacunacion/Paginas/Vacunacion-covid-19.aspx,976137,928927,47210
Colombia,2021-03-17,"Pfizer/BioNTech, Sinovac",https://www.minsalud.gov.co/salud/publica/Vacunacion/Paginas/Vacunacion-covid-19.aspx,1024358,971240,53118
Colombia,2021-03-18,"Pfizer/BioNTech, Sinovac",https://www.minsalud.gov.co/salud/publica/Vacunacion/Paginas/Vacunacion-covid-19.aspx,1076496,1022604,53892
Colombia,2021-03-19,"Pfizer/BioNTech, Sinovac",https://www.minsalud.gov.co/salud/publica/Vacunacion/Paginas/Vacunacion-covid-19.aspx,1131999,1077837,54162
Colombia,2021-03-20,"Pfizer/BioNTech, Sinovac",https://www.minsalud.gov.co/salud/publica/Vacunacion/Paginas/Vacunacion-covid-19.aspx,1182098,1127570,54528
Colombia,2021-03-21,"Pfizer/BioNTech, Sinovac",https://www.minsalud.gov.co/salud/publica/Vacunacion/Paginas/Vacunacion-covid-19.aspx,1215008,1157159,57849
Colombia,2021-03-22,"Pfizer/BioNTech, Sinovac",https://www.minsalud.gov.co/salud/publica/Vacunacion/Paginas/Vacunacion-covid-19.aspx,1238259,1177935,60324
Colombia,2021-03-23,"Pfizer/BioNTech, Sinovac",https://www.minsalud.gov.co/salud/publica/Vacunacion/Paginas/Vacunacion-covid-19.aspx,1299809,1236980,62829
Colombia,2021-03-24,"Pfizer/BioNTech, Sinovac",https://www.minsalud.gov.co/salud/publica/Vacunacion/Paginas/Vacunacion-covid-19.aspx,1385503,1311229,74274
Colombia,2021-03-25,"Pfizer/BioNTech, Sinovac",https://www.minsalud.gov.co/salud/publica/Vacunacion/Paginas/Vacunacion-covid-19.aspx,1476364,1359247,117117
Colombia,2021-03-26,"Pfizer/BioNTech, Sinovac",https://www.minsalud.gov.co/salud/publica/Vacunacion/Paginas/Vacunacion-covid-19.aspx,1596288,1448180,148108
Colombia,2021-03-27,"Pfizer/BioNTech, Sinovac",https://www.minsalud.gov.co/salud/publica/Vacunacion/Paginas/Vacunacion-covid-19.aspx,1726924,1550856,176068
Colombia,2021-03-28,"Pfizer/BioNTech, Sinovac",https://www.minsalud.gov.co/salud/publica/Vacunacion/Paginas/Vacunacion-covid-19.aspx,1818861,1624565,194296
Colombia,2021-03-29,"Pfizer/BioNTech, Sinovac",https://www.minsalud.gov.co/salud/publica/Vacunacion/Paginas/Vacunacion-covid-19.aspx,1965054,1736568,228486
Colombia,2021-03-30,"Pfizer/BioNTech, Sinovac",https://www.minsalud.gov.co/salud/publica/Vacunacion/Paginas/Vacunacion-covid-19.aspx,2121530,1858823,262707
Colombia,2021-03-31,"Pfizer/BioNTech, Sinovac",https://www.minsalud.gov.co/salud/publica/Vacunacion/Paginas/Vacunacion-covid-19.aspx,2243392,1957325,286067
