location,date,vaccine,source_url,total_vaccinations,people_vaccinated,people_fully_vaccinated
Dominica,2021-02-11,Oxford/AstraZeneca,https://wicnews.com/caribbean/dominica-starts-covid-19-vaccine-drive-president-among-first-get-immunized-010432755/,0,0,0
Dominica,2021-03-01,Oxford/AstraZeneca,http://dominica.gov.dm/images/coronavirus/dominica-coronavirus-update-March-1-2021.jpg,7202,7202,0
Dominica,2021-03-11,Oxford/AstraZeneca,https://www.facebook.com/MinistryOfHealthDominica/posts/271656117811054,13565,13565,0
Dominica,2021-03-25,Oxford/AstraZeneca,https://www.facebook.com/MinistryOfHealthDominica/photos/a.105730227736978/280390780270921/?type=3&theater,16058,16058,0
