location,date,vaccine,source_url,total_vaccinations,people_vaccinated,people_fully_vaccinated
Gibraltar,2021-01-10,Pfizer/BioNTech,https://www.gibraltar.gov.gi/press-releases/day-one-of-gibraltars-covid-19-vaccination-programme-is-complete-332021-6576,420,420,
Gibraltar,2021-01-11,Pfizer/BioNTech,https://www.gibraltar.gov.gi/press-releases/day-2-of-the-gibraltars-covid-19-vaccination-programme-382021-6578,1445,1445,
Gibraltar,2021-01-12,Pfizer/BioNTech,https://www.gibraltar.gov.gi/press-releases/day-3-of-the-gibraltars-covid-19-vaccination-programme-462021-6588,2501,2501,
Gibraltar,2021-01-15,Pfizer/BioNTech,https://twitter.com/GibraltarGov/status/1350435849012391936,5135,5135,
Gibraltar,2021-01-16,Pfizer/BioNTech,https://twitter.com/GibraltarGov/status/1350843052223561728,5847,5847,
Gibraltar,2021-01-17,Pfizer/BioNTech,https://twitter.com/GibraltarGov/status/1351199624216907783,5847,5847,
Gibraltar,2021-01-18,Pfizer/BioNTech,https://twitter.com/GibraltarGov/status/1351524538664824832,6435,6435,
Gibraltar,2021-01-19,Pfizer/BioNTech,https://twitter.com/GibraltarGov/status/1351951485366632450,7017,7017,
Gibraltar,2021-01-20,Pfizer/BioNTech,https://twitter.com/GibraltarGov/status/1352329686215520257,7017,7017,
Gibraltar,2021-01-21,Pfizer/BioNTech,https://twitter.com/GibraltarGov/status/1352652233461141504,7947,7947,
Gibraltar,2021-01-22,Pfizer/BioNTech,https://twitter.com/GibraltarGov/status/1352979071710457857,8877,8877,
Gibraltar,2021-01-23,Pfizer/BioNTech,https://twitter.com/GibraltarGov/status/1353362986572931073,9807,9807,
Gibraltar,2021-01-24,Pfizer/BioNTech,https://twitter.com/GibraltarGov/status/1353698998561943557,10341,10341,
Gibraltar,2021-01-25,Pfizer/BioNTech,https://twitter.com/GibraltarGov/status/1354090676284231680,10539,10539,
Gibraltar,2021-01-26,Pfizer/BioNTech,https://twitter.com/GibraltarGov/status/1354465218773049345,11073,11073,
Gibraltar,2021-01-27,Pfizer/BioNTech,https://twitter.com/GibraltarGov/status/1354793069531508736,11607,11073,
Gibraltar,2021-01-28,Pfizer/BioNTech,https://twitter.com/GibraltarGov/status/1355185607065141251,12332,12332,
Gibraltar,2021-01-29,Pfizer/BioNTech,https://twitter.com/GibraltarGov/status/1355531671999799298,12866,12866,
Gibraltar,2021-01-30,Pfizer/BioNTech,https://twitter.com/GibraltarGov/status/1355907465544691714,12866,12866,
Gibraltar,2021-01-31,Pfizer/BioNTech,https://twitter.com/GibraltarGov/status/1356254856143659018,13286,12886,400
Gibraltar,2021-02-01,Pfizer/BioNTech,https://twitter.com/GibraltarGov/status/1356605088614252547,14299,12974,1325
Gibraltar,2021-02-02,Pfizer/BioNTech,https://twitter.com/GibraltarGov/status/1356988250972389380,15391,13071,2320
Gibraltar,2021-02-03,Pfizer/BioNTech,https://twitter.com/GibraltarGov/status/1357291680366555137,16177,13166,3011
Gibraltar,2021-02-04,Pfizer/BioNTech,https://twitter.com/GibraltarGov/status/1357701145863606272,17189,13246,3943
Gibraltar,2021-02-05,Pfizer/BioNTech,https://twitter.com/GibraltarGov/status/1358025389898162177,18274,13398,4876
Gibraltar,2021-02-06,Pfizer/BioNTech,https://twitter.com/GibraltarGov/status/1358438470948118532,19072,13499,5573
Gibraltar,2021-02-07,Pfizer/BioNTech,https://twitter.com/GibraltarGov/status/1358733517174280192,19072,13499,5573
Gibraltar,2021-02-08,Pfizer/BioNTech,https://twitter.com/GibraltarGov/status/1359137811266428932,20044,13904,6140
Gibraltar,2021-02-09,Pfizer/BioNTech,https://twitter.com/GibraltarGov/status/1359521751588290561,21021,14302,6719
Gibraltar,2021-02-10,Pfizer/BioNTech,https://twitter.com/GibraltarGov/status/1359826145613664257,21999,15262,6737
Gibraltar,2021-02-11,Pfizer/BioNTech,https://twitter.com/GibraltarGov/status/1360253653026758668,23103,15436,7667
Gibraltar,2021-02-12,Pfizer/BioNTech,https://twitter.com/GibraltarGov/status/1360567169197703172,24195,15600,8595
Gibraltar,2021-02-13,Pfizer/BioNTech,https://twitter.com/GibraltarGov/status/1360928941985435653,25287,15765,9522
Gibraltar,2021-02-14,Pfizer/BioNTech,https://twitter.com/GibraltarGov/status/1361269893660889089,25941,15888,10053
Gibraltar,2021-02-15,Pfizer/BioNTech,https://twitter.com/GibraltarGov/status/1361689908876894208,26379,16135,10244
Gibraltar,2021-02-16,Pfizer/BioNTech,https://twitter.com/GibraltarGov/status/1362034275500101636,27033,16261,10772
Gibraltar,2021-02-17,Pfizer/BioNTech,https://twitter.com/GibraltarGov/status/1362416216447594499,27687,16384,11303
Gibraltar,2021-02-18,Pfizer/BioNTech,https://twitter.com/GibraltarGov/status/1362797205250334720,28778,16725,12053
Gibraltar,2021-02-19,Pfizer/BioNTech,https://twitter.com/GibraltarGov/status/1363079745261420548,29334,16761,12573
Gibraltar,2021-02-20,Pfizer/BioNTech,https://twitter.com/GibraltarGov/status/1363469224316973063,29334,16761,12573
Gibraltar,2021-02-21,Pfizer/BioNTech,https://twitter.com/GibraltarGov/status/1363897078104096770,30432,17826,12606
Gibraltar,2021-02-22,Pfizer/BioNTech,https://twitter.com/GibraltarGov/status/1364218990546063360,31631,18902,12729
Gibraltar,2021-02-23,Pfizer/BioNTech,https://twitter.com/GibraltarGov/status/1364600138698813440,32705,19859,12846
Gibraltar,2021-02-24,Pfizer/BioNTech,https://twitter.com/GibraltarGov/status/1364950645619441670,33371,20443,12928
Gibraltar,2021-02-25,Pfizer/BioNTech,https://twitter.com/GibraltarGov/status/1365292057468747779,34600,21591,13009
Gibraltar,2021-02-26,Pfizer/BioNTech,https://twitter.com/GibraltarGov/status/1365646706449264643,35890,22712,13178
Gibraltar,2021-02-27,Pfizer/BioNTech,https://twitter.com/GibraltarGov/status/1365976754746257409,36808,23518,13290
Gibraltar,2021-02-28,Pfizer/BioNTech,https://twitter.com/GibraltarGov/status/1366364375079129092,36808,23518,13290
Gibraltar,2021-03-02,Pfizer/BioNTech,https://twitter.com/GibraltarGov/status/1366780542885244930,38056,24352,13704
Gibraltar,2021-03-03,Pfizer/BioNTech,https://twitter.com/GibraltarGov/status/1367124814067097601,39322,25221,14101
Gibraltar,2021-03-04,Pfizer/BioNTech,https://twitter.com/GibraltarGov/status/1367497211609813003,40652,25629,15023
Gibraltar,2021-03-05,Pfizer/BioNTech,https://twitter.com/GibraltarGov/status/1367827653051432971,41318,26163,15155
Gibraltar,2021-03-06,Pfizer/BioNTech,https://twitter.com/GibraltarGov/status/1368161148697198595,42548,27145,15403
Gibraltar,2021-03-07,Pfizer/BioNTech,https://twitter.com/GibraltarGov/status/1368621329113550848,43712,28140,15572
Gibraltar,2021-03-08,Pfizer/BioNTech,https://twitter.com/GibraltarGov/status/1368880917842919424,43712,28140,15572
Gibraltar,2021-03-09,Pfizer/BioNTech,https://twitter.com/GibraltarGov/status/1369275146599596035,44240,28431,15809
Gibraltar,2021-03-10,Pfizer/BioNTech,https://twitter.com/GibraltarGov/status/1369666013806071811,44894,28932,15962
Gibraltar,2021-03-11,Pfizer/BioNTech,https://twitter.com/GibraltarGov/status/1370039549498437645,44894,28932,15962
Gibraltar,2021-03-12,Pfizer/BioNTech,https://twitter.com/GibraltarGov/status/1370393963312582658,45488,28971,16517
Gibraltar,2021-03-13,Pfizer/BioNTech,https://twitter.com/GibraltarGov/status/1370695848447913985,46136,29610,16526
Gibraltar,2021-03-14,Pfizer/BioNTech,https://twitter.com/GibraltarGov/status/1371061566569910272,46136,29610,16526
Gibraltar,2021-03-15,Pfizer/BioNTech,https://twitter.com/GibraltarGov/status/1371421536033333251,47210,29631,17579
Gibraltar,2021-03-16,Pfizer/BioNTech,https://twitter.com/GibraltarGov/status/1371835450915192837,48296,29667,18629
Gibraltar,2021-03-17,Pfizer/BioNTech,https://twitter.com/GibraltarGov/status/1372204878727090186,49328,29749,19579
Gibraltar,2021-03-18,Pfizer/BioNTech,https://twitter.com/GibraltarGov/status/1372519343783870464,49981,29834,20147
Gibraltar,2021-03-19,Pfizer/BioNTech,https://twitter.com/GibraltarGov/status/1372915552193241088,51163,29913,21250
Gibraltar,2021-03-20,Pfizer/BioNTech,https://twitter.com/GibraltarGov/status/1373228264697835520,52331,30038,22293
Gibraltar,2021-03-21,Pfizer/BioNTech,https://twitter.com/GibraltarGov/status/1373581971767562242,53171,30119,23052
Gibraltar,2021-03-22,Pfizer/BioNTech,https://twitter.com/GibraltarGov/status/1374021890491215876,53171,30119,23052
Gibraltar,2021-03-23,Pfizer/BioNTech,https://twitter.com/GibraltarGov/status/1374358044591685633,53861,30170,23691
Gibraltar,2021-03-24,Pfizer/BioNTech,https://twitter.com/GibraltarGov/status/1374740040857878531,54587,30232,24355
Gibraltar,2021-03-25,Pfizer/BioNTech,https://twitter.com/GibraltarGov/status/1375107327372713985,55877,30671,25206
Gibraltar,2021-03-26,Pfizer/BioNTech,https://twitter.com/GibraltarGov/status/1375452611831341058,56536,30800,25736
Gibraltar,2021-03-27,Pfizer/BioNTech,https://twitter.com/GibraltarGov/status/1375769180469874689,57646,30944,26702
Gibraltar,2021-03-28,Pfizer/BioNTech,https://twitter.com/GibraltarGov/status/1376108019243704325,58756,31094,27662
Gibraltar,2021-03-29,Pfizer/BioNTech,https://twitter.com/GibraltarGov/status/1376843554258051073,59050,31098,27952
Gibraltar,2021-03-31,Pfizer/BioNTech,https://twitter.com/GibraltarGov/status/1377203601265811457,59698,31206,28492
Gibraltar,2021-04-01,Pfizer/BioNTech,https://twitter.com/GibraltarGov/status/1377562311720906753,60265,31739,28256
