location,date,vaccine,source_url,total_vaccinations,people_vaccinated,people_fully_vaccinated
Greece,2020-12-28,"Moderna, Oxford/AstraZeneca, Pfizer/BioNTech",https://www.data.gov.gr/datasets/mdg_emvolio/,447,447,
Greece,2020-12-29,"Moderna, Oxford/AstraZeneca, Pfizer/BioNTech",https://www.data.gov.gr/datasets/mdg_emvolio/,1077,1077,
Greece,2020-12-30,"Moderna, Oxford/AstraZeneca, Pfizer/BioNTech",https://www.data.gov.gr/datasets/mdg_emvolio/,1722,1722,
Greece,2020-12-31,"Moderna, Oxford/AstraZeneca, Pfizer/BioNTech",https://www.data.gov.gr/datasets/mdg_emvolio/,2339,2339,
Greece,2021-01-01,"Moderna, Oxford/AstraZeneca, Pfizer/BioNTech",https://www.data.gov.gr/datasets/mdg_emvolio/,2603,2603,
Greece,2021-01-02,"Moderna, Oxford/AstraZeneca, Pfizer/BioNTech",https://www.data.gov.gr/datasets/mdg_emvolio/,3149,3149,
Greece,2021-01-03,"Moderna, Oxford/AstraZeneca, Pfizer/BioNTech",https://www.data.gov.gr/datasets/mdg_emvolio/,3869,3869,
Greece,2021-01-04,"Moderna, Oxford/AstraZeneca, Pfizer/BioNTech",https://www.data.gov.gr/datasets/mdg_emvolio/,10327,10327,
Greece,2021-01-05,"Moderna, Oxford/AstraZeneca, Pfizer/BioNTech",https://www.data.gov.gr/datasets/mdg_emvolio/,16631,16631,
Greece,2021-01-06,"Moderna, Oxford/AstraZeneca, Pfizer/BioNTech",https://www.data.gov.gr/datasets/mdg_emvolio/,20616,20616,
Greece,2021-01-07,"Moderna, Oxford/AstraZeneca, Pfizer/BioNTech",https://www.data.gov.gr/datasets/mdg_emvolio/,26445,26445,
Greece,2021-01-08,"Moderna, Oxford/AstraZeneca, Pfizer/BioNTech",https://www.data.gov.gr/datasets/mdg_emvolio/,35272,35272,
Greece,2021-01-09,"Moderna, Oxford/AstraZeneca, Pfizer/BioNTech",https://www.data.gov.gr/datasets/mdg_emvolio/,40427,40427,
Greece,2021-01-10,"Moderna, Oxford/AstraZeneca, Pfizer/BioNTech",https://www.data.gov.gr/datasets/mdg_emvolio/,44645,44645,
Greece,2021-01-11,"Moderna, Oxford/AstraZeneca, Pfizer/BioNTech",https://www.data.gov.gr/datasets/mdg_emvolio/,50045,50045,
Greece,2021-01-12,"Moderna, Oxford/AstraZeneca, Pfizer/BioNTech",https://www.data.gov.gr/datasets/mdg_emvolio/,56475,56475,
Greece,2021-01-13,"Moderna, Oxford/AstraZeneca, Pfizer/BioNTech",https://www.data.gov.gr/datasets/mdg_emvolio/,64932,64932,
Greece,2021-01-14,"Moderna, Oxford/AstraZeneca, Pfizer/BioNTech",https://www.data.gov.gr/datasets/mdg_emvolio/,70960,70960,
Greece,2021-01-15,"Moderna, Oxford/AstraZeneca, Pfizer/BioNTech",https://www.data.gov.gr/datasets/mdg_emvolio/,75412,75412,
Greece,2021-01-16,"Moderna, Oxford/AstraZeneca, Pfizer/BioNTech",https://www.data.gov.gr/datasets/mdg_emvolio/,80391,80389,2
Greece,2021-01-18,"Moderna, Oxford/AstraZeneca, Pfizer/BioNTech",https://www.data.gov.gr/datasets/mdg_emvolio/,85898,85475,423
Greece,2021-01-19,"Moderna, Oxford/AstraZeneca, Pfizer/BioNTech",https://www.data.gov.gr/datasets/mdg_emvolio/,94454,93382,1072
Greece,2021-01-20,"Moderna, Oxford/AstraZeneca, Pfizer/BioNTech",https://www.data.gov.gr/datasets/mdg_emvolio/,109831,108167,1664
Greece,2021-01-21,"Moderna, Oxford/AstraZeneca, Pfizer/BioNTech",https://www.data.gov.gr/datasets/mdg_emvolio/,125928,123667,2261
Greece,2021-01-22,"Moderna, Oxford/AstraZeneca, Pfizer/BioNTech",https://www.data.gov.gr/datasets/mdg_emvolio/,143877,141298,2579
Greece,2021-01-23,"Moderna, Oxford/AstraZeneca, Pfizer/BioNTech",https://www.data.gov.gr/datasets/mdg_emvolio/,160101,156966,3135
Greece,2021-01-25,"Moderna, Oxford/AstraZeneca, Pfizer/BioNTech",https://www.data.gov.gr/datasets/mdg_emvolio/,179951,171890,8061
Greece,2021-01-26,"Moderna, Oxford/AstraZeneca, Pfizer/BioNTech",https://www.data.gov.gr/datasets/mdg_emvolio/,197755,184610,13145
Greece,2021-01-27,"Moderna, Oxford/AstraZeneca, Pfizer/BioNTech",https://www.data.gov.gr/datasets/mdg_emvolio/,216040,198161,17879
Greece,2021-01-28,"Moderna, Oxford/AstraZeneca, Pfizer/BioNTech",https://www.data.gov.gr/datasets/mdg_emvolio/,234285,210488,23797
Greece,2021-01-29,"Moderna, Oxford/AstraZeneca, Pfizer/BioNTech",https://www.data.gov.gr/datasets/mdg_emvolio/,253363,220621,32742
Greece,2021-01-30,"Moderna, Oxford/AstraZeneca, Pfizer/BioNTech",https://www.data.gov.gr/datasets/mdg_emvolio/,271287,232399,38888
Greece,2021-02-01,"Moderna, Oxford/AstraZeneca, Pfizer/BioNTech",https://www.data.gov.gr/datasets/mdg_emvolio/,293817,247251,46566
Greece,2021-02-02,"Moderna, Oxford/AstraZeneca, Pfizer/BioNTech",https://www.data.gov.gr/datasets/mdg_emvolio/,315628,261543,54085
Greece,2021-02-03,"Moderna, Oxford/AstraZeneca, Pfizer/BioNTech",https://www.data.gov.gr/datasets/mdg_emvolio/,338122,276103,62019
Greece,2021-02-04,"Moderna, Oxford/AstraZeneca, Pfizer/BioNTech",https://www.data.gov.gr/datasets/mdg_emvolio/,359723,291259,68464
Greece,2021-02-05,"Moderna, Oxford/AstraZeneca, Pfizer/BioNTech",https://www.data.gov.gr/datasets/mdg_emvolio/,380136,306441,73695
Greece,2021-02-06,"Moderna, Oxford/AstraZeneca, Pfizer/BioNTech",https://www.data.gov.gr/datasets/mdg_emvolio/,397857,318097,79760
Greece,2021-02-08,"Moderna, Oxford/AstraZeneca, Pfizer/BioNTech",https://www.data.gov.gr/datasets/mdg_emvolio/,417565,332812,84753
Greece,2021-02-09,"Moderna, Oxford/AstraZeneca, Pfizer/BioNTech",https://www.data.gov.gr/datasets/mdg_emvolio/,437872,345290,92582
Greece,2021-02-10,"Moderna, Oxford/AstraZeneca, Pfizer/BioNTech",https://www.data.gov.gr/datasets/mdg_emvolio/,459535,353412,106123
Greece,2021-02-11,"Moderna, Oxford/AstraZeneca, Pfizer/BioNTech",https://www.data.gov.gr/datasets/mdg_emvolio/,482416,360800,121616
Greece,2021-02-12,"Moderna, Oxford/AstraZeneca, Pfizer/BioNTech",https://www.data.gov.gr/datasets/mdg_emvolio/,506038,366749,139289
Greece,2021-02-13,"Moderna, Oxford/AstraZeneca, Pfizer/BioNTech",https://www.data.gov.gr/datasets/mdg_emvolio/,526369,371462,154907
Greece,2021-02-15,"Moderna, Oxford/AstraZeneca, Pfizer/BioNTech",https://www.data.gov.gr/datasets/mdg_emvolio/,554745,386049,168696
Greece,2021-02-16,"Moderna, Oxford/AstraZeneca, Pfizer/BioNTech",https://www.data.gov.gr/datasets/mdg_emvolio/,575766,397840,177926
Greece,2021-02-17,"Moderna, Oxford/AstraZeneca, Pfizer/BioNTech",https://www.data.gov.gr/datasets/mdg_emvolio/,603667,412970,190697
Greece,2021-02-18,"Moderna, Oxford/AstraZeneca, Pfizer/BioNTech",https://www.data.gov.gr/datasets/mdg_emvolio/,634037,430124,203913
Greece,2021-02-19,"Moderna, Oxford/AstraZeneca, Pfizer/BioNTech",https://www.data.gov.gr/datasets/mdg_emvolio/,664347,449073,215274
Greece,2021-02-20,"Moderna, Oxford/AstraZeneca, Pfizer/BioNTech",https://www.data.gov.gr/datasets/mdg_emvolio/,693436,465842,227594
Greece,2021-02-21,"Moderna, Oxford/AstraZeneca, Pfizer/BioNTech",https://www.data.gov.gr/datasets/mdg_emvolio/,697245,467656,229589
Greece,2021-02-22,"Moderna, Oxford/AstraZeneca, Pfizer/BioNTech",https://www.data.gov.gr/datasets/mdg_emvolio/,730410,486820,243590
Greece,2021-02-23,"Moderna, Oxford/AstraZeneca, Pfizer/BioNTech",https://www.data.gov.gr/datasets/mdg_emvolio/,762624,505148,257476
Greece,2021-02-24,"Moderna, Oxford/AstraZeneca, Pfizer/BioNTech",https://www.data.gov.gr/datasets/mdg_emvolio/,794347,522510,271837
Greece,2021-02-25,"Moderna, Oxford/AstraZeneca, Pfizer/BioNTech",https://www.data.gov.gr/datasets/mdg_emvolio/,826370,540039,286331
Greece,2021-02-26,"Moderna, Oxford/AstraZeneca, Pfizer/BioNTech",https://www.data.gov.gr/datasets/mdg_emvolio/,857306,556380,300926
Greece,2021-02-27,"Moderna, Oxford/AstraZeneca, Pfizer/BioNTech",https://www.data.gov.gr/datasets/mdg_emvolio/,885821,572174,313647
Greece,2021-03-01,"Moderna, Oxford/AstraZeneca, Pfizer/BioNTech",https://www.data.gov.gr/datasets/mdg_emvolio/,921189,594053,327136
Greece,2021-03-02,"Moderna, Oxford/AstraZeneca, Pfizer/BioNTech",https://www.data.gov.gr/datasets/mdg_emvolio/,957139,617737,339402
Greece,2021-03-03,"Moderna, Oxford/AstraZeneca, Pfizer/BioNTech",https://www.data.gov.gr/datasets/mdg_emvolio/,991409,643218,348191
Greece,2021-03-04,"Moderna, Oxford/AstraZeneca, Pfizer/BioNTech",https://www.data.gov.gr/datasets/mdg_emvolio/,1024711,669152,355559
Greece,2021-03-05,"Moderna, Oxford/AstraZeneca, Pfizer/BioNTech",https://www.data.gov.gr/datasets/mdg_emvolio/,1059304,697876,361428
Greece,2021-03-06,"Moderna, Oxford/AstraZeneca, Pfizer/BioNTech",https://www.data.gov.gr/datasets/mdg_emvolio/,1091749,725388,366361
Greece,2021-03-08,"Moderna, Oxford/AstraZeneca, Pfizer/BioNTech",https://www.data.gov.gr/datasets/mdg_emvolio/,1126060,753636,372424
Greece,2021-03-09,"Moderna, Oxford/AstraZeneca, Pfizer/BioNTech",https://www.data.gov.gr/datasets/mdg_emvolio/,1158386,780536,377850
Greece,2021-03-10,"Moderna, Oxford/AstraZeneca, Pfizer/BioNTech",https://www.data.gov.gr/datasets/mdg_emvolio/,1190723,807280,383443
Greece,2021-03-11,"Moderna, Oxford/AstraZeneca, Pfizer/BioNTech",https://www.data.gov.gr/datasets/mdg_emvolio/,1222393,831761,390632
Greece,2021-03-12,"Moderna, Oxford/AstraZeneca, Pfizer/BioNTech",https://www.data.gov.gr/datasets/mdg_emvolio/,1254087,855151,398936
Greece,2021-03-13,"Moderna, Oxford/AstraZeneca, Pfizer/BioNTech",https://www.data.gov.gr/datasets/mdg_emvolio/,1283472,877402,406070
Greece,2021-03-15,"Moderna, Oxford/AstraZeneca, Pfizer/BioNTech",https://www.data.gov.gr/datasets/mdg_emvolio/,1285437,877644,407793
Greece,2021-03-16,"Moderna, Oxford/AstraZeneca, Pfizer/BioNTech",https://www.data.gov.gr/datasets/mdg_emvolio/,1316554,895920,420634
Greece,2021-03-17,"Moderna, Oxford/AstraZeneca, Pfizer/BioNTech",https://www.data.gov.gr/datasets/mdg_emvolio/,1345735,915641,430094
Greece,2021-03-18,"Moderna, Oxford/AstraZeneca, Pfizer/BioNTech",https://www.data.gov.gr/datasets/mdg_emvolio/,1375828,935269,440559
Greece,2021-03-19,"Moderna, Oxford/AstraZeneca, Pfizer/BioNTech",https://www.data.gov.gr/datasets/mdg_emvolio/,1407064,956745,450319
Greece,2021-03-20,"Moderna, Oxford/AstraZeneca, Pfizer/BioNTech",https://www.data.gov.gr/datasets/mdg_emvolio/,1436491,977045,459446
Greece,2021-03-22,"Moderna, Oxford/AstraZeneca, Pfizer/BioNTech",https://www.data.gov.gr/datasets/mdg_emvolio/,1469020,997959,471061
Greece,2021-03-23,"Moderna, Oxford/AstraZeneca, Pfizer/BioNTech",https://www.data.gov.gr/datasets/mdg_emvolio/,1503487,1018670,484817
Greece,2021-03-24,"Moderna, Oxford/AstraZeneca, Pfizer/BioNTech",https://www.data.gov.gr/datasets/mdg_emvolio/,1536957,1035543,501414
Greece,2021-03-25,"Moderna, Oxford/AstraZeneca, Pfizer/BioNTech",https://www.data.gov.gr/datasets/mdg_emvolio/,1537104,1035659,501445
Greece,2021-03-26,"Moderna, Oxford/AstraZeneca, Pfizer/BioNTech",https://www.data.gov.gr/datasets/mdg_emvolio/,1572726,1046291,526435
Greece,2021-03-27,"Moderna, Oxford/AstraZeneca, Pfizer/BioNTech",https://www.data.gov.gr/datasets/mdg_emvolio/,1604238,1055744,548494
Greece,2021-03-29,"Moderna, Oxford/AstraZeneca, Pfizer/BioNTech",https://www.data.gov.gr/datasets/mdg_emvolio/,1635676,1066873,568803
Greece,2021-03-30,"Moderna, Oxford/AstraZeneca, Pfizer/BioNTech",https://www.data.gov.gr/datasets/mdg_emvolio/,1668956,1080658,588298
Greece,2021-03-31,"Moderna, Oxford/AstraZeneca, Pfizer/BioNTech",https://www.data.gov.gr/datasets/mdg_emvolio/,1699807,1092633,607174
Greece,2021-04-01,"Moderna, Oxford/AstraZeneca, Pfizer/BioNTech",https://www.data.gov.gr/datasets/mdg_emvolio/,1739051,1114363,624688
