location,date,vaccine,source_url,total_vaccinations,people_vaccinated,people_fully_vaccinated
Grenada,2021-02-11,Oxford/AstraZeneca,https://www.nowgrenada.com/2021/02/prime-minister-receives-first-covid-19-vaccine-administered-in-grenada/,0,0,0
Grenada,2021-02-16,Oxford/AstraZeneca,https://www.nowgrenada.com/2021/02/covid-19-update-grenada-dashboard-16-february/,146,146,0
Grenada,2021-02-26,Oxford/AstraZeneca,http://www.gov.gd/more-3000-grenadians-receive-covid-19-vaccine,3000,3000,0
Grenada,2021-03-15,Oxford/AstraZeneca,https://www.facebook.com/HealthGrenada/photos/a.570448523487244/978764922655600/?type=3&theater,8606,8606,0
Grenada,2021-03-24,Oxford/AstraZeneca,https://www.facebook.com/HealthGrenada/photos/a.570448523487244/984081865457239/?type=3&theater,9821,9821,0
