location,date,vaccine,source_url,total_vaccinations,people_vaccinated,people_fully_vaccinated
Honduras,2021-02-28,"Moderna, Oxford/AstraZeneca",https://www.elheraldo.hn/sucesos/1446200-466/honduras-vacuna-coronavirus-salud-israel,2684,2684,0
Honduras,2021-03-16,"Moderna, Oxford/AstraZeneca",https://user-images.githubusercontent.com/79803615/111423040-4c2aad80-86b5-11eb-9e66-18c00bfc9d86.png,7100,7100,0
Honduras,2021-03-17,"Moderna, Oxford/AstraZeneca",https://twitter.com/saludhn/status/1372661671156719618,28570,28570,0
Honduras,2021-03-19,"Moderna, Oxford/AstraZeneca",https://www.tunota.com/cuatro-casos-graves-entre-mas-de-37-mil-empleados-de-salud-vacunados-contra-el-covid-19-reporta-honduras,37317,37317,0
Honduras,2021-03-21,"Moderna, Oxford/AstraZeneca",https://www.laprensa.hn/honduras/1451346-410/honduras-cobertura-segunda-jornada-vacunacion-personal-salud-pandemia-covid,43073,43073,0
