location,date,vaccine,source_url,total_vaccinations,people_vaccinated,people_fully_vaccinated
Iran,2021-02-08,Sputnik V,https://twitter.com/FarsNews_Agency/status/1359195194097336322,0,0,0
Iran,2021-02-09,Sputnik V,https://twitter.com/FarsNews_Agency/status/1359195194097336322,3000,3000,0
Iran,2021-02-17,Sputnik V,https://www.bloomberg.com/news/articles/2021-02-17/iran-vaccine-boasts-total-protection-against-u-k-covid-strain,10000,10000,0
Iran,2021-03-19,Sputnik V,https://www.barkhat.news/social/161614986958/distribution-of-595-thousand-doses-of-corona-vaccine,124193,,
