location,date,vaccine,source_url,total_vaccinations,people_vaccinated,people_fully_vaccinated
Ireland,2020-12-31,Pfizer/BioNTech,https://twitter.com/RobOHanrahan/status/1344932276128411648,1800,,
Ireland,2021-01-04,Pfizer/BioNTech,https://www.thejournal.ie/covid-19-vaccine-rollout-in-nursing-homes-gets-under-way-this-week-5315501-Jan2021/,4000,,
Ireland,2021-01-07,Pfizer/BioNTech,https://twitter.com/newschambers/status/1347187910961999873,15314,,
Ireland,2021-01-10,Pfizer/BioNTech,https://twitter.com/DonnellyStephen/status/1349442669622263811,40000,,
Ireland,2021-01-13,Pfizer/BioNTech,https://covid19ireland-geohive.hub.arcgis.com/,77303,,
Ireland,2021-01-17,Pfizer/BioNTech,https://twitter.com/DonnellyStephen/status/1351461941097754625,94000,,
Ireland,2021-01-20,Pfizer/BioNTech,https://covid19ireland-geohive.hub.arcgis.com/,121900,,
Ireland,2021-01-24,Pfizer/BioNTech,https://twitter.com/DonnellyStephen/status/1353738605974462465,143000,,
Ireland,2021-01-27,Pfizer/BioNTech,https://covid19ireland-geohive.hub.arcgis.com/,161500,147700,13800
Ireland,2021-01-31,Pfizer/BioNTech,https://covid19ireland-geohive.hub.arcgis.com/,199800,150500,49300
Ireland,2021-02-05,"Moderna, Oxford/AstraZeneca, Pfizer/BioNTech",https://covid19ireland-geohive.hub.arcgis.com/,230766,151212,79554
Ireland,2021-02-07,"Moderna, Oxford/AstraZeneca, Pfizer/BioNTech",https://covid19ireland-geohive.hub.arcgis.com/,240487,153654,86833
Ireland,2021-02-08,"Moderna, Oxford/AstraZeneca, Pfizer/BioNTech",https://covid19ireland-geohive.hub.arcgis.com/,243353,154900,88453
Ireland,2021-02-09,"Moderna, Oxford/AstraZeneca, Pfizer/BioNTech",https://covid19ireland-geohive.hub.arcgis.com/,248284,158904,89380
Ireland,2021-02-10,"Moderna, Oxford/AstraZeneca, Pfizer/BioNTech",https://covid19ireland-geohive.hub.arcgis.com/,256681,166863,89818
Ireland,2021-02-11,"Moderna, Oxford/AstraZeneca, Pfizer/BioNTech",https://covid19ireland-geohive.hub.arcgis.com/,261073,171239,89834
Ireland,2021-02-12,"Moderna, Oxford/AstraZeneca, Pfizer/BioNTech",https://covid19ireland-geohive.hub.arcgis.com/,265237,175238,89999
Ireland,2021-02-13,"Moderna, Oxford/AstraZeneca, Pfizer/BioNTech",https://covid19ireland-geohive.hub.arcgis.com/,268551,176926,91625
Ireland,2021-02-14,"Moderna, Oxford/AstraZeneca, Pfizer/BioNTech",https://covid19ireland-geohive.hub.arcgis.com/,271942,180192,91750
Ireland,2021-02-15,"Moderna, Oxford/AstraZeneca, Pfizer/BioNTech",https://covid19ireland-geohive.hub.arcgis.com/,280581,182193,98388
Ireland,2021-02-16,"Moderna, Oxford/AstraZeneca, Pfizer/BioNTech",https://covid19ireland-geohive.hub.arcgis.com/,293752,187893,105859
Ireland,2021-02-17,"Moderna, Oxford/AstraZeneca, Pfizer/BioNTech",https://covid19ireland-geohive.hub.arcgis.com/,310900,197609,113291
Ireland,2021-02-18,"Moderna, Oxford/AstraZeneca, Pfizer/BioNTech",https://covid19ireland-geohive.hub.arcgis.com/,326475,205955,120520
Ireland,2021-02-19,"Moderna, Oxford/AstraZeneca, Pfizer/BioNTech",https://covid19ireland-geohive.hub.arcgis.com/,340704,214384,126320
Ireland,2021-02-20,"Moderna, Oxford/AstraZeneca, Pfizer/BioNTech",https://covid19ireland-geohive.hub.arcgis.com/,350322,219899,130423
Ireland,2021-02-21,"Moderna, Oxford/AstraZeneca, Pfizer/BioNTech",https://covid19ireland-geohive.hub.arcgis.com/,353971,222073,131898
Ireland,2021-02-22,"Moderna, Oxford/AstraZeneca, Pfizer/BioNTech",https://covid19ireland-geohive.hub.arcgis.com/,359616,226291,133325
Ireland,2021-02-23,"Moderna, Oxford/AstraZeneca, Pfizer/BioNTech",https://covid19ireland-geohive.hub.arcgis.com/,373280,238841,134439
Ireland,2021-02-24,"Moderna, Oxford/AstraZeneca, Pfizer/BioNTech",https://covid19ireland-geohive.hub.arcgis.com/,391355,254948,136407
Ireland,2021-02-25,"Moderna, Oxford/AstraZeneca, Pfizer/BioNTech",https://covid19ireland-geohive.hub.arcgis.com/,409529,271594,137935
Ireland,2021-02-26,"Moderna, Oxford/AstraZeneca, Pfizer/BioNTech",https://covid19ireland-geohive.hub.arcgis.com/,426070,285780,140290
Ireland,2021-02-27,"Moderna, Oxford/AstraZeneca, Pfizer/BioNTech",https://covid19ireland-geohive.hub.arcgis.com/,435895,294550,141345
Ireland,2021-02-28,"Moderna, Oxford/AstraZeneca, Pfizer/BioNTech",https://covid19ireland-geohive.hub.arcgis.com/,439782,297899,141883
Ireland,2021-03-01,"Moderna, Oxford/AstraZeneca, Pfizer/BioNTech",https://covid19ireland-geohive.hub.arcgis.com/,446474,303550,142924
Ireland,2021-03-02,"Moderna, Oxford/AstraZeneca, Pfizer/BioNTech",https://covid19ireland-geohive.hub.arcgis.com/,460637,316056,144581
Ireland,2021-03-04,"Moderna, Oxford/AstraZeneca, Pfizer/BioNTech",https://covid19ireland-geohive.hub.arcgis.com/,493873,346256,147617
Ireland,2021-03-05,"Moderna, Oxford/AstraZeneca, Pfizer/BioNTech",https://covid19ireland-geohive.hub.arcgis.com/,513322,363601,149721
Ireland,2021-03-06,"Moderna, Oxford/AstraZeneca, Pfizer/BioNTech",https://covid19ireland-geohive.hub.arcgis.com/,523069,373149,149920
Ireland,2021-03-07,"Moderna, Oxford/AstraZeneca, Pfizer/BioNTech",https://covid19ireland-geohive.hub.arcgis.com/,525768,375521,150247
Ireland,2021-03-08,"Moderna, Oxford/AstraZeneca, Pfizer/BioNTech",https://covid19ireland-geohive.hub.arcgis.com/,536617,382528,154089
Ireland,2021-03-09,"Moderna, Oxford/AstraZeneca, Pfizer/BioNTech",https://covid19ireland-geohive.hub.arcgis.com/,553161,396089,157072
Ireland,2021-03-10,"Moderna, Oxford/AstraZeneca, Pfizer/BioNTech",https://covid19ireland-geohive.hub.arcgis.com/,570391,409662,160729
Ireland,2021-03-11,"Moderna, Oxford/AstraZeneca, Pfizer/BioNTech",https://covid19ireland-geohive.hub.arcgis.com/,589512,426819,162693
Ireland,2021-03-12,"Moderna, Oxford/AstraZeneca, Pfizer/BioNTech",https://covid19ireland-geohive.hub.arcgis.com/,606904,443092,163812
Ireland,2021-03-13,"Moderna, Oxford/AstraZeneca, Pfizer/BioNTech",https://covid19ireland-geohive.hub.arcgis.com/,615934,451589,164345
Ireland,2021-03-14,"Moderna, Oxford/AstraZeneca, Pfizer/BioNTech",https://covid19ireland-geohive.hub.arcgis.com/,617050,452554,164496
Ireland,2021-03-15,"Moderna, Oxford/AstraZeneca, Pfizer/BioNTech",https://covid19ireland-geohive.hub.arcgis.com/,620580,455182,165398
Ireland,2021-03-16,"Moderna, Oxford/AstraZeneca, Pfizer/BioNTech",https://covid19ireland-geohive.hub.arcgis.com/,632359,463500,168859
Ireland,2021-03-17,"Moderna, Oxford/AstraZeneca, Pfizer/BioNTech",https://covid19ireland-geohive.hub.arcgis.com/,639586,468328,171258
Ireland,2021-03-18,"Moderna, Oxford/AstraZeneca, Pfizer/BioNTech",https://covid19ireland-geohive.hub.arcgis.com/,654251,478725,175526
Ireland,2021-03-19,"Moderna, Oxford/AstraZeneca, Pfizer/BioNTech",https://covid19ireland-geohive.hub.arcgis.com/,668529,487466,181063
Ireland,2021-03-20,"Moderna, Oxford/AstraZeneca, Pfizer/BioNTech",https://covid19ireland-geohive.hub.arcgis.com/,675946,492106,183840
Ireland,2021-03-21,"Moderna, Oxford/AstraZeneca, Pfizer/BioNTech",https://covid19ireland-geohive.hub.arcgis.com/,680015,495824,184191
Ireland,2021-03-22,"Moderna, Oxford/AstraZeneca, Pfizer/BioNTech",https://covid19ireland-geohive.hub.arcgis.com/,690449,503796,186653
Ireland,2021-03-23,"Moderna, Oxford/AstraZeneca, Pfizer/BioNTech",https://covid19ireland-geohive.hub.arcgis.com/,709348,515800,193548
Ireland,2021-03-24,"Moderna, Oxford/AstraZeneca, Pfizer/BioNTech",https://covid19ireland-geohive.hub.arcgis.com/,732678,529984,202694
Ireland,2021-03-25,"Moderna, Oxford/AstraZeneca, Pfizer/BioNTech",https://covid19ireland-geohive.hub.arcgis.com/,760168,548945,211223
Ireland,2021-03-26,"Moderna, Oxford/AstraZeneca, Pfizer/BioNTech",https://covid19ireland-geohive.hub.arcgis.com/,786569,567023,219546
Ireland,2021-03-27,"Moderna, Oxford/AstraZeneca, Pfizer/BioNTech",https://covid19ireland-geohive.hub.arcgis.com/,802502,577641,224861
Ireland,2021-03-28,"Moderna, Oxford/AstraZeneca, Pfizer/BioNTech",https://covid19ireland-geohive.hub.arcgis.com/,806541,580857,225684
Ireland,2021-03-29,"Moderna, Oxford/AstraZeneca, Pfizer/BioNTech",https://covid19ireland-geohive.hub.arcgis.com/,819676,590688,228988
