location,date,vaccine,source_url,total_vaccinations,people_vaccinated,people_fully_vaccinated
Israel,2020-12-19,Pfizer/BioNTech,https://datadashboard.health.gov.il/COVID-19/general,61,61,
Israel,2020-12-20,Pfizer/BioNTech,https://datadashboard.health.gov.il/COVID-19/general,7433,7433,
Israel,2020-12-21,Pfizer/BioNTech,https://datadashboard.health.gov.il/COVID-19/general,32304,32304,
Israel,2020-12-22,Pfizer/BioNTech,https://datadashboard.health.gov.il/COVID-19/general,76914,76914,
Israel,2020-12-23,Pfizer/BioNTech,https://datadashboard.health.gov.il/COVID-19/general,139728,139728,
Israel,2020-12-24,Pfizer/BioNTech,https://datadashboard.health.gov.il/COVID-19/general,213021,213021,
Israel,2020-12-25,Pfizer/BioNTech,https://datadashboard.health.gov.il/COVID-19/general,251459,251459,
Israel,2020-12-26,Pfizer/BioNTech,https://datadashboard.health.gov.il/COVID-19/general,284011,284011,
Israel,2020-12-27,Pfizer/BioNTech,https://datadashboard.health.gov.il/COVID-19/general,388291,388291,
Israel,2020-12-28,Pfizer/BioNTech,https://datadashboard.health.gov.il/COVID-19/general,523009,523009,
Israel,2020-12-29,Pfizer/BioNTech,https://datadashboard.health.gov.il/COVID-19/general,678838,678838,
Israel,2020-12-30,Pfizer/BioNTech,https://datadashboard.health.gov.il/COVID-19/general,831431,831431,
Israel,2020-12-31,Pfizer/BioNTech,https://datadashboard.health.gov.il/COVID-19/general,989433,989433,
Israel,2021-01-01,Pfizer/BioNTech,https://datadashboard.health.gov.il/COVID-19/general,1060597,1060597,
Israel,2021-01-02,Pfizer/BioNTech,https://datadashboard.health.gov.il/COVID-19/general,1132149,1132149,
Israel,2021-01-03,Pfizer/BioNTech,https://datadashboard.health.gov.il/COVID-19/general,1281404,1281404,
Israel,2021-01-04,Pfizer/BioNTech,https://datadashboard.health.gov.il/COVID-19/general,1433105,1433103,2
Israel,2021-01-05,Pfizer/BioNTech,https://datadashboard.health.gov.il/COVID-19/general,1557802,1557800,2
Israel,2021-01-06,Pfizer/BioNTech,https://datadashboard.health.gov.il/COVID-19/general,1660710,1660708,2
Israel,2021-01-07,"Moderna, Pfizer/BioNTech",https://datadashboard.health.gov.il/COVID-19/general,1776345,1776340,5
Israel,2021-01-08,"Moderna, Pfizer/BioNTech",https://datadashboard.health.gov.il/COVID-19/general,1842552,1842544,8
Israel,2021-01-09,"Moderna, Pfizer/BioNTech",https://datadashboard.health.gov.il/COVID-19/general,1886985,1886955,30
Israel,2021-01-10,"Moderna, Pfizer/BioNTech",https://datadashboard.health.gov.il/COVID-19/general,1930454,1924439,6015
Israel,2021-01-11,"Moderna, Pfizer/BioNTech",https://datadashboard.health.gov.il/COVID-19/general,1970664,1945426,25238
Israel,2021-01-12,"Moderna, Pfizer/BioNTech",https://datadashboard.health.gov.il/COVID-19/general,2030118,1969255,60863
Israel,2021-01-13,"Moderna, Pfizer/BioNTech",https://datadashboard.health.gov.il/COVID-19/general,2138736,2021079,117657
Israel,2021-01-14,"Moderna, Pfizer/BioNTech",https://datadashboard.health.gov.il/COVID-19/general,2263665,2077292,186373
Israel,2021-01-15,"Moderna, Pfizer/BioNTech",https://datadashboard.health.gov.il/COVID-19/general,2330088,2107851,222237
Israel,2021-01-16,"Moderna, Pfizer/BioNTech",https://datadashboard.health.gov.il/COVID-19/general,2385371,2137176,248195
Israel,2021-01-17,"Moderna, Pfizer/BioNTech",https://datadashboard.health.gov.il/COVID-19/general,2537971,2205385,332586
Israel,2021-01-18,"Moderna, Pfizer/BioNTech",https://datadashboard.health.gov.il/COVID-19/general,2727620,2274883,452737
Israel,2021-01-19,"Moderna, Pfizer/BioNTech",https://datadashboard.health.gov.il/COVID-19/general,2937720,2347540,590180
Israel,2021-01-20,"Moderna, Pfizer/BioNTech",https://datadashboard.health.gov.il/COVID-19/general,3157553,2424050,733503
Israel,2021-01-21,"Moderna, Pfizer/BioNTech",https://datadashboard.health.gov.il/COVID-19/general,3391028,2493693,897335
Israel,2021-01-22,"Moderna, Pfizer/BioNTech",https://datadashboard.health.gov.il/COVID-19/general,3499607,2531395,968212
Israel,2021-01-23,"Moderna, Pfizer/BioNTech",https://datadashboard.health.gov.il/COVID-19/general,3592888,2571225,1021663
Israel,2021-01-24,"Moderna, Pfizer/BioNTech",https://datadashboard.health.gov.il/COVID-19/general,3802083,2640141,1161942
Israel,2021-01-25,"Moderna, Pfizer/BioNTech",https://datadashboard.health.gov.il/COVID-19/general,4021894,2720854,1301040
Israel,2021-01-26,"Moderna, Pfizer/BioNTech",https://datadashboard.health.gov.il/COVID-19/general,4226357,2799326,1427031
Israel,2021-01-27,"Moderna, Pfizer/BioNTech",https://datadashboard.health.gov.il/COVID-19/general,4428671,2877000,1551671
Israel,2021-01-28,"Moderna, Pfizer/BioNTech",https://datadashboard.health.gov.il/COVID-19/general,4638252,2956370,1681882
Israel,2021-01-29,"Moderna, Pfizer/BioNTech",https://datadashboard.health.gov.il/COVID-19/general,4739344,2992879,1746465
Israel,2021-01-30,"Moderna, Pfizer/BioNTech",https://datadashboard.health.gov.il/COVID-19/general,4816265,3027152,1789113
Israel,2021-01-31,"Moderna, Pfizer/BioNTech",https://datadashboard.health.gov.il/COVID-19/general,4948701,3100283,1848418
Israel,2021-02-01,"Moderna, Pfizer/BioNTech",https://datadashboard.health.gov.il/COVID-19/general,5066092,3182476,1883616
Israel,2021-02-02,"Moderna, Pfizer/BioNTech",https://datadashboard.health.gov.il/COVID-19/general,5166799,3252283,1914516
Israel,2021-02-03,"Moderna, Pfizer/BioNTech",https://datadashboard.health.gov.il/COVID-19/general,5278054,3312317,1965737
Israel,2021-02-04,"Moderna, Pfizer/BioNTech",https://datadashboard.health.gov.il/COVID-19/general,5408280,3384668,2023612
Israel,2021-02-05,"Moderna, Pfizer/BioNTech",https://datadashboard.health.gov.il/COVID-19/general,5470676,3418425,2052251
Israel,2021-02-06,"Moderna, Pfizer/BioNTech",https://datadashboard.health.gov.il/COVID-19/general,5514318,3439941,2074377
Israel,2021-02-07,"Moderna, Pfizer/BioNTech",https://datadashboard.health.gov.il/COVID-19/general,5636720,3493851,2142869
Israel,2021-02-08,"Moderna, Pfizer/BioNTech",https://datadashboard.health.gov.il/COVID-19/general,5760318,3552285,2208033
Israel,2021-02-09,"Moderna, Pfizer/BioNTech",https://datadashboard.health.gov.il/COVID-19/general,5893605,3618398,2275207
Israel,2021-02-10,"Moderna, Pfizer/BioNTech",https://datadashboard.health.gov.il/COVID-19/general,6035760,3688705,2347055
Israel,2021-02-11,"Moderna, Pfizer/BioNTech",https://datadashboard.health.gov.il/COVID-19/general,6188046,3769621,2418425
Israel,2021-02-12,"Moderna, Pfizer/BioNTech",https://datadashboard.health.gov.il/COVID-19/general,6264356,3808535,2455821
Israel,2021-02-13,"Moderna, Pfizer/BioNTech",https://datadashboard.health.gov.il/COVID-19/general,6322051,3835901,2486150
Israel,2021-02-14,"Moderna, Pfizer/BioNTech",https://datadashboard.health.gov.il/COVID-19/general,6465508,3910539,2554969
Israel,2021-02-15,"Moderna, Pfizer/BioNTech",https://datadashboard.health.gov.il/COVID-19/general,6622198,3991843,2630355
Israel,2021-02-16,"Moderna, Pfizer/BioNTech",https://datadashboard.health.gov.il/COVID-19/general,6783463,4075123,2708340
Israel,2021-02-17,"Moderna, Pfizer/BioNTech",https://datadashboard.health.gov.il/COVID-19/general,6920494,4136884,2783610
Israel,2021-02-18,"Moderna, Pfizer/BioNTech",https://datadashboard.health.gov.il/COVID-19/general,7068865,4205836,2863029
Israel,2021-02-19,"Moderna, Pfizer/BioNTech",https://datadashboard.health.gov.il/COVID-19/general,7146372,4245378,2900994
Israel,2021-02-20,"Moderna, Pfizer/BioNTech",https://datadashboard.health.gov.il/COVID-19/general,7206568,4276949,2929619
Israel,2021-02-21,"Moderna, Pfizer/BioNTech",https://datadashboard.health.gov.il/COVID-19/general,7364118,4356226,3007892
Israel,2021-02-22,"Moderna, Pfizer/BioNTech",https://datadashboard.health.gov.il/COVID-19/general,7529217,4441073,3088144
Israel,2021-02-23,"Moderna, Pfizer/BioNTech",https://datadashboard.health.gov.il/COVID-19/general,7676513,4518239,3158274
Israel,2021-02-24,"Moderna, Pfizer/BioNTech",https://datadashboard.health.gov.il/COVID-19/general,7800102,4579082,3221020
Israel,2021-02-25,"Moderna, Pfizer/BioNTech",https://datadashboard.health.gov.il/COVID-19/general,7916055,4630556,3285499
Israel,2021-02-26,"Moderna, Pfizer/BioNTech",https://datadashboard.health.gov.il/COVID-19/general,7973525,4656236,3317289
Israel,2021-02-27,"Moderna, Pfizer/BioNTech",https://datadashboard.health.gov.il/COVID-19/general,8012832,4674473,3338359
Israel,2021-02-28,"Moderna, Pfizer/BioNTech",https://datadashboard.health.gov.il/COVID-19/general,8108662,4714742,3393920
Israel,2021-03-01,"Moderna, Pfizer/BioNTech",https://datadashboard.health.gov.il/COVID-19/general,8215389,4760264,3455125
Israel,2021-03-02,"Moderna, Pfizer/BioNTech",https://datadashboard.health.gov.il/COVID-19/general,8320809,4801258,3519551
Israel,2021-03-03,"Moderna, Pfizer/BioNTech",https://datadashboard.health.gov.il/COVID-19/general,8429253,4843375,3585878
Israel,2021-03-04,"Moderna, Pfizer/BioNTech",https://datadashboard.health.gov.il/COVID-19/general,8547499,4882890,3664609
Israel,2021-03-05,"Moderna, Pfizer/BioNTech",https://datadashboard.health.gov.il/COVID-19/general,8604968,4900076,3704892
Israel,2021-03-06,"Moderna, Pfizer/BioNTech",https://datadashboard.health.gov.il/COVID-19/general,8640900,4910765,3730135
Israel,2021-03-07,"Moderna, Pfizer/BioNTech",https://datadashboard.health.gov.il/COVID-19/general,8744455,4941768,3802687
Israel,2021-03-08,"Moderna, Pfizer/BioNTech",https://datadashboard.health.gov.il/COVID-19/general,8844661,4969177,3875484
Israel,2021-03-09,"Moderna, Pfizer/BioNTech",https://datadashboard.health.gov.il/COVID-19/general,8947583,4995706,3951877
Israel,2021-03-10,"Moderna, Pfizer/BioNTech",https://datadashboard.health.gov.il/COVID-19/general,9029084,5018772,4010312
Israel,2021-03-11,"Moderna, Pfizer/BioNTech",https://datadashboard.health.gov.il/COVID-19/general,9120969,5041849,4079120
Israel,2021-03-12,"Moderna, Pfizer/BioNTech",https://datadashboard.health.gov.il/COVID-19/general,9173323,5052950,4120373
Israel,2021-03-13,"Moderna, Pfizer/BioNTech",https://datadashboard.health.gov.il/COVID-19/general,9206357,5060829,4145528
Israel,2021-03-14,"Moderna, Pfizer/BioNTech",https://datadashboard.health.gov.il/COVID-19/general,9300972,5081710,4219262
Israel,2021-03-15,"Moderna, Pfizer/BioNTech",https://datadashboard.health.gov.il/COVID-19/general,9398772,5101603,4297169
Israel,2021-03-16,"Moderna, Pfizer/BioNTech",https://datadashboard.health.gov.il/COVID-19/general,9488605,5120173,4368432
Israel,2021-03-17,"Moderna, Pfizer/BioNTech",https://datadashboard.health.gov.il/COVID-19/general,9564850,5137664,4427186
Israel,2021-03-18,"Moderna, Pfizer/BioNTech",https://datadashboard.health.gov.il/COVID-19/general,9638663,5153581,4485082
Israel,2021-03-19,"Moderna, Pfizer/BioNTech",https://datadashboard.health.gov.il/COVID-19/general,9673239,5160357,4512882
Israel,2021-03-20,"Moderna, Pfizer/BioNTech",https://datadashboard.health.gov.il/COVID-19/general,9693562,5165507,4528055
Israel,2021-03-21,"Moderna, Pfizer/BioNTech",https://datadashboard.health.gov.il/COVID-19/general,9746410,5178428,4567982
Israel,2021-03-22,"Moderna, Pfizer/BioNTech",https://datadashboard.health.gov.il/COVID-19/general,9798224,5191408,4606816
Israel,2021-03-23,"Moderna, Pfizer/BioNTech",https://datadashboard.health.gov.il/COVID-19/general,9807928,5193976,4613952
Israel,2021-03-24,"Moderna, Pfizer/BioNTech",https://datadashboard.health.gov.il/COVID-19/general,9864509,5204626,4659883
Israel,2021-03-25,"Moderna, Pfizer/BioNTech",https://datadashboard.health.gov.il/COVID-19/general,9908994,5214506,4694488
Israel,2021-03-26,"Moderna, Pfizer/BioNTech",https://datadashboard.health.gov.il/COVID-19/general,9925964,5218488,4707476
Israel,2021-03-27,"Moderna, Pfizer/BioNTech",https://datadashboard.health.gov.il/COVID-19/general,9931898,5220205,4711693
Israel,2021-03-28,"Moderna, Pfizer/BioNTech",https://datadashboard.health.gov.il/COVID-19/general,9938468,5222233,4716235
Israel,2021-03-29,"Moderna, Pfizer/BioNTech",https://datadashboard.health.gov.il/COVID-19/general,9974037,5228935,4745102
Israel,2021-03-30,"Moderna, Pfizer/BioNTech",https://datadashboard.health.gov.il/COVID-19/general,10003863,5236735,4767128
Israel,2021-03-31,"Moderna, Pfizer/BioNTech",https://datadashboard.health.gov.il/COVID-19/general,10031033,5244730,4786303
Israel,2021-04-01,"Moderna, Pfizer/BioNTech",https://datadashboard.health.gov.il/COVID-19/general,10055840,5252175,4803665
