location,date,vaccine,source_url,total_vaccinations,people_vaccinated,people_fully_vaccinated
Kuwait,2020-12-28,Pfizer/BioNTech,https://alqabas.com/article/5828928-2500-شخص-حصلوا-على-لقاح-كورونا-في-يومين?id=5828928,2500,,
Kuwait,2021-01-26,Pfizer/BioNTech,https://gulfnews.com/world/gulf/kuwait/covid-19-35000-vaccinated-in-kuwait-in-one-month-1.76746518,35000,,
Kuwait,2021-02-15,Pfizer/BioNTech,https://news.kuwaittimes.net/website/compliance-or-lockdown-virus-here-to-stay-till-judgment-day/,175000,137000,38000
Kuwait,2021-03-08,Pfizer/BioNTech,https://twitter.com/KUWAIT_MOH/status/1368961318095626243,360000,322000,38000
Kuwait,2021-03-22,Pfizer/BioNTech,https://twitter.com/Almajlliss/status/1374039548192247808,,500000,
Kuwait,2021-03-29,Pfizer/BioNTech,https://twitter.com/drayalsanad/status/1376585974948499459,604861,,
