location,date,vaccine,source_url,total_vaccinations,people_vaccinated,people_fully_vaccinated
Luxembourg,2020-12-30,Pfizer/BioNTech,https://covid19.public.lu/fr/actualite-covid-19/communiques/2020/12/30-vaccination.html,1200,1200,
Luxembourg,2021-01-11,Pfizer/BioNTech,https://download.data.public.lu/resources/covid-19-rapports-journaliers/20210112-174656/coronavirus-rapport-journalier-12012021.pdf,1943,1943,
Luxembourg,2021-01-12,Pfizer/BioNTech,https://download.data.public.lu/resources/covid-19-rapports-journaliers/20210113-181303/coronavirus-rapport-journalier-13012021.pdf,2372,2372,
Luxembourg,2021-01-13,Pfizer/BioNTech,https://download.data.public.lu/resources/covid-19-rapports-journaliers/20210114-172257/coronavirus-rapport-journalier-14012021.pdf,2871,2871,
Luxembourg,2021-01-14,Pfizer/BioNTech,https://download.data.public.lu/resources/covid-19-rapports-journaliers/20210115-172257/coronavirus-rapport-journalier-15012021.pdf,3233,3233,
Luxembourg,2021-01-17,Pfizer/BioNTech,https://download.data.public.lu/resources/covid-19-rapports-journaliers/20210118-171634/coronavirus-rapport-journalier-18012021.pdf,3755,3755,
Luxembourg,2021-01-18,Pfizer/BioNTech,https://download.data.public.lu/resources/covid-19-rapports-journaliers/20210119-170522/coronavirus-rapport-journalier-19012021.pdf,4569,4569,
Luxembourg,2021-01-19,Pfizer/BioNTech,https://data.public.lu/fr/datasets/r/ac9f9196-64bb-453e-bc93-22e8c7452ab6,5294,5294,
Luxembourg,2021-01-20,Pfizer/BioNTech,https://data.public.lu/fr/datasets/r/991243fe-25c3-4af4-9689-0555d7e05771,6193,6193,
Luxembourg,2021-01-21,Pfizer/BioNTech,https://data.public.lu/fr/datasets/r/fa53afaa-7712-4261-b2e6-d23041c40f95,6897,6897,
Luxembourg,2021-01-25,Pfizer/BioNTech,https://data.public.lu/fr/datasets/r/015f2db2-b62d-400a-bb6f-4edd3f447837,8554,7309,1245
Luxembourg,2021-01-26,Pfizer/BioNTech,https://data.public.lu/fr/datasets/r/51b3e720-0ca5-4002-9024-3fc8d0708c0d,9525,8280,1245
Luxembourg,2021-01-27,Pfizer/BioNTech,https://data.public.lu/fr/datasets/r/f1a34dca-9451-48c5-a8af-6b1d3a525730,10449,9107,1342
Luxembourg,2021-01-28,Pfizer/BioNTech,https://data.public.lu/fr/datasets/r/a562f2c6-d8db-4843-8444-0199792bfaac,11373,9890,1483
Luxembourg,2021-01-31,Pfizer/BioNTech,https://data.public.lu/fr/datasets/r/a1038784-8446-4f1d-b352-7dfad96dc783,12428,10748,1680
Luxembourg,2021-02-01,Pfizer/BioNTech,https://data.public.lu/fr/datasets/r/42db1f50-3af1-4b23-b5bb-015eabbc420d,13241,11336,1905
Luxembourg,2021-02-02,Pfizer/BioNTech,https://data.public.lu/fr/datasets/r/fec6d5ff-06a5-448c-932f-27ea2067b055,14252,11925,2327
Luxembourg,2021-02-03,Pfizer/BioNTech,https://data.public.lu/fr/datasets/r/1f6f6910-8dc4-4d17-9fbe-03bbc9664591,15407,12597,2810
Luxembourg,2021-02-04,Pfizer/BioNTech,https://data.public.lu/fr/datasets/r/2dfec34b-6f58-430b-82b7-8e8f82f3fb24,16419,13256,3163
Luxembourg,2021-02-07,"Moderna, Oxford/AstraZeneca, Pfizer/BioNTech",https://data.public.lu/fr/datasets/r/7de89657-b952-4451-a38e-edb2df3bf64d,17628,13940,3688
Luxembourg,2021-02-08,"Moderna, Oxford/AstraZeneca, Pfizer/BioNTech",https://data.public.lu/fr/datasets/r/c8b18309-8a09-41f0-8384-d49c09fc4164,18139,14089,4050
Luxembourg,2021-02-09,"Moderna, Oxford/AstraZeneca, Pfizer/BioNTech",https://data.public.lu/fr/datasets/r/477bdb80-811b-4c89-99d2-e1a4f086eff5,18653,14227,4426
Luxembourg,2021-02-10,"Moderna, Oxford/AstraZeneca, Pfizer/BioNTech",https://data.public.lu/fr/datasets/r/145827ea-0831-41e8-a685-aa1093d1b2dc,19923,15052,4871
Luxembourg,2021-02-11,"Moderna, Oxford/AstraZeneca, Pfizer/BioNTech",https://data.public.lu/fr/datasets/r/534f7db0-f206-4536-8142-00873e5badfb,21390,16131,5259
Luxembourg,2021-02-14,"Moderna, Oxford/AstraZeneca, Pfizer/BioNTech",https://data.public.lu/fr/datasets/r/9e84c8df-7dec-49aa-b2fb-34bfbd718950,22895,17257,5638
Luxembourg,2021-02-15,"Moderna, Oxford/AstraZeneca, Pfizer/BioNTech",https://data.public.lu/fr/datasets/r/47d496fc-9953-4ea4-8d20-9bac857de541,24024,18055,5969
Luxembourg,2021-02-16,"Moderna, Oxford/AstraZeneca, Pfizer/BioNTech",https://data.public.lu/fr/datasets/r/fd1dc755-cecc-4c8a-b2db-6f0b22173bde,25918,19622,6296
Luxembourg,2021-02-17,"Moderna, Oxford/AstraZeneca, Pfizer/BioNTech",https://data.public.lu/fr/datasets/r/743fb5c1-183f-48f9-bc7e-6b9131657869,27119,20605,6514
Luxembourg,2021-02-18,"Moderna, Oxford/AstraZeneca, Pfizer/BioNTech",https://data.public.lu/fr/datasets/r/ce6c6669-6cb5-4faf-ab2f-1c7c49dab13b,28933,21853,7080
Luxembourg,2021-02-21,"Moderna, Oxford/AstraZeneca, Pfizer/BioNTech",https://data.public.lu/fr/datasets/r/13189499-3631-48f6-869f-bf22ad354be1,30985,23259,7726
Luxembourg,2021-02-22,"Moderna, Oxford/AstraZeneca, Pfizer/BioNTech",https://data.public.lu/fr/datasets/r/98dfb0ac-2b13-4749-ab34-52f5f7860c64,31926,23685,8241
Luxembourg,2021-02-23,"Moderna, Oxford/AstraZeneca, Pfizer/BioNTech",https://data.public.lu/fr/datasets/r/4ef75757-2888-4495-853e-22e91465550d,33370,24508,8862
Luxembourg,2021-02-24,"Moderna, Oxford/AstraZeneca, Pfizer/BioNTech",https://data.public.lu/fr/datasets/r/66095f88-7caf-4044-8c9e-7dc420f1b5ab,34760,25285,9475
Luxembourg,2021-02-25,"Moderna, Oxford/AstraZeneca, Pfizer/BioNTech",https://data.public.lu/fr/datasets/r/7e61d0c7-aa81-4094-a687-20e240cad2f9,36071,26089,9982
Luxembourg,2021-02-28,"Moderna, Oxford/AstraZeneca, Pfizer/BioNTech",https://data.public.lu/fr/datasets/r/3e74e41b-54b6-4904-b62a-8f35b853d9f1,37793,27093,10700
Luxembourg,2021-03-01,"Moderna, Oxford/AstraZeneca, Pfizer/BioNTech",https://data.public.lu/fr/datasets/r/2a12059d-90a7-4cc2-b241-90f0a10ed2e6,39121,27655,11466
Luxembourg,2021-03-02,"Moderna, Oxford/AstraZeneca, Pfizer/BioNTech",https://data.public.lu/fr/datasets/r/5e97619b-b766-495b-a3b3-fa9ff94236b3,40460,28476,11984
Luxembourg,2021-03-03,"Moderna, Oxford/AstraZeneca, Pfizer/BioNTech",https://data.public.lu/fr/datasets/r/6206297f-9d30-4fa8-a894-5f191c22ceaf,42118,29401,12717
Luxembourg,2021-03-04,"Moderna, Oxford/AstraZeneca, Pfizer/BioNTech",https://data.public.lu/fr/datasets/r/026defc3-4d55-4d75-90b7-2be0fb18e1e4,44171,30723,13448
Luxembourg,2021-03-07,"Moderna, Oxford/AstraZeneca, Pfizer/BioNTech",https://data.public.lu/fr/datasets/r/b0c8cac8-95a8-496c-bd8e-a83cead6bf97,46709,32591,14118
Luxembourg,2021-03-08,"Moderna, Oxford/AstraZeneca, Pfizer/BioNTech",https://data.public.lu/fr/datasets/r/57e199fd-bf04-4b9b-b872-348a4ac1bfee,47515,33238,14277
Luxembourg,2021-03-09,"Moderna, Oxford/AstraZeneca, Pfizer/BioNTech",https://data.public.lu/fr/datasets/r/63f976b5-86d3-430d-b0fb-50cae24a5d58,48961,34530,14431
Luxembourg,2021-03-10,"Moderna, Oxford/AstraZeneca, Pfizer/BioNTech",https://data.public.lu/fr/datasets/r/289c6d4d-37b9-41f9-b389-7f20f8eb3927,51457,36693,14764
Luxembourg,2021-03-11,"Moderna, Oxford/AstraZeneca, Pfizer/BioNTech",https://data.public.lu/fr/datasets/r/f56105f1-0330-416c-b16f-101b9ada3ba0,54865,39558,15307
Luxembourg,2021-03-14,"Moderna, Oxford/AstraZeneca, Pfizer/BioNTech",https://data.public.lu/fr/datasets/r/15ea022b-4f07-4616-b0e1-3fb72046fa39,59048,43479,15569
Luxembourg,2021-03-15,"Moderna, Oxford/AstraZeneca, Pfizer/BioNTech",https://data.public.lu/fr/datasets/r/f2e2e044-b4e1-4e1a-8a90-9e5565ac8ca1,60587,44735,15852
Luxembourg,2021-03-16,"Moderna, Oxford/AstraZeneca, Pfizer/BioNTech",https://data.public.lu/fr/datasets/r/7f85f6b1-5c1f-4599-a5eb-e70743f36535,64068,47598,16470
Luxembourg,2021-03-17,"Moderna, Oxford/AstraZeneca, Pfizer/BioNTech",https://data.public.lu/fr/datasets/r/4d2f173e-1924-40c0-9d66-c458cf8898d4,67154,50220,16934
Luxembourg,2021-03-18,"Moderna, Oxford/AstraZeneca, Pfizer/BioNTech",https://data.public.lu/fr/datasets/r/1723c59d-31de-4ef7-9dde-c0f8f887bd29,70339,52870,17469
Luxembourg,2021-03-21,"Moderna, Oxford/AstraZeneca, Pfizer/BioNTech",https://data.public.lu/fr/datasets/r/9ddfedd6-55c7-4eca-ad4e-1e9cef21e6cb,74255,56383,17872
Luxembourg,2021-03-22,"Moderna, Oxford/AstraZeneca, Pfizer/BioNTech",https://data.public.lu/fr/datasets/r/1802c5af-4750-4988-b5d7-c4c5624daaab,75532,57406,18126
Luxembourg,2021-03-23,"Moderna, Oxford/AstraZeneca, Pfizer/BioNTech",https://data.public.lu/fr/datasets/r/4e943b0d-cec1-4c32-97fe-d1fc756fbe38,77997,59310,18687
Luxembourg,2021-03-24,"Moderna, Oxford/AstraZeneca, Pfizer/BioNTech",https://data.public.lu/fr/datasets/r/dc3b8bd2-5918-4ce0-a96a-a50f53c7aa3e,80328,61026,19302
Luxembourg,2021-03-25,"Moderna, Oxford/AstraZeneca, Pfizer/BioNTech",https://data.public.lu/fr/datasets/r/3f9a6e3a-0eee-46cf-8d9a-1e8575a7d092,82653,62812,19841
Luxembourg,2021-03-28,"Moderna, Oxford/AstraZeneca, Pfizer/BioNTech",https://data.public.lu/fr/datasets/r/fedc30ec-2b3d-4dfc-a12e-3d0a9bdd4ebc,89684,68613,21071
Luxembourg,2021-03-30,"Moderna, Oxford/AstraZeneca, Pfizer/BioNTech",https://data.public.lu/fr/datasets/r/69307b26-f796-426d-bedc-565f21fac03f,92574,70911,21663
Luxembourg,2021-03-31,"Moderna, Oxford/AstraZeneca, Pfizer/BioNTech",https://data.public.lu/fr/datasets/r/fe2a6b67-6a33-499b-abf1-a72d2910e5e2,95657,73152,22505
