location,date,vaccine,source_url,total_vaccinations,people_vaccinated,people_fully_vaccinated
Namibia,2021-03-18,Sinopharm/Beijing,https://www.facebook.com/MoHSSNamibia/posts/720111525328520?__cft__[0]=AZWTyez4S3fnuoEV6NQKn_Agk3CuMnNi5BI81k1AHlmBafnvMzgae_Mhg995Ez_FvjCfhkbGXPRI0tHnrcvMl6b1JsbHmJDiOxLRaG8wJ5PYxJnMeFYx6wwjkhAnZKzIUWxuCoi9CBN5HCmoqQt_7Ruw&__tn__=%2CO%2CP-R,0,0,0
Namibia,2021-03-25,Sinopharm/Beijing,https://www.facebook.com/MoHSSNamibia/posts/720111525328520?__cft__[0]=AZWTyez4S3fnuoEV6NQKn_Agk3CuMnNi5BI81k1AHlmBafnvMzgae_Mhg995Ez_FvjCfhkbGXPRI0tHnrcvMl6b1JsbHmJDiOxLRaG8wJ5PYxJnMeFYx6wwjkhAnZKzIUWxuCoi9CBN5HCmoqQt_7Ruw&__tn__=%2CO%2CP-R,152,152,0
Namibia,2021-03-31,Sinopharm/Beijing,https://www.facebook.com/MoHSSNamibia/photos/pcb.723268798346126/723268345012838,1501,1501,0
Namibia,2021-04-01,Sinopharm/Beijing,https://www.facebook.com/MoHSSNamibia/photos/pcb.723707301635609/723706358302370/,1851,1851,0
