location,date,vaccine,source_url,total_vaccinations,people_vaccinated,people_fully_vaccinated
Panama,2021-01-19,Pfizer/BioNTech,https://twitter.com/EstrellaOnline/status/1362232004868194312,0,,
Panama,2021-01-20,Pfizer/BioNTech,https://twitter.com/EstrellaOnline/status/1362232004868194312,641,,
Panama,2021-01-21,Pfizer/BioNTech,https://twitter.com/EstrellaOnline/status/1362232004868194312,2728,,
Panama,2021-01-22,Pfizer/BioNTech,https://twitter.com/EstrellaOnline/status/1362232004868194312,5081,,
Panama,2021-01-23,Pfizer/BioNTech,https://twitter.com/EstrellaOnline/status/1362232004868194312,5594,,
Panama,2021-01-24,Pfizer/BioNTech,https://twitter.com/EstrellaOnline/status/1362232004868194312,6420,,
Panama,2021-01-25,Pfizer/BioNTech,https://twitter.com/EstrellaOnline/status/1362232004868194312,6597,,
Panama,2021-01-26,Pfizer/BioNTech,https://twitter.com/EstrellaOnline/status/1362232004868194312,7497,,
Panama,2021-01-27,Pfizer/BioNTech,https://twitter.com/EstrellaOnline/status/1362232004868194312,8546,,
Panama,2021-01-28,Pfizer/BioNTech,https://twitter.com/EstrellaOnline/status/1362232004868194312,8723,,
Panama,2021-01-29,Pfizer/BioNTech,https://twitter.com/EstrellaOnline/status/1362232004868194312,8772,,
Panama,2021-01-30,Pfizer/BioNTech,https://twitter.com/EstrellaOnline/status/1362232004868194312,8772,,
Panama,2021-01-31,Pfizer/BioNTech,https://twitter.com/EstrellaOnline/status/1362232004868194312,8772,,
Panama,2021-02-01,Pfizer/BioNTech,https://twitter.com/EstrellaOnline/status/1362232004868194312,10549,,
Panama,2021-02-02,Pfizer/BioNTech,https://twitter.com/EstrellaOnline/status/1362232004868194312,12013,,
Panama,2021-02-03,Pfizer/BioNTech,https://twitter.com/EstrellaOnline/status/1362232004868194312,12362,,
Panama,2021-02-04,Pfizer/BioNTech,https://twitter.com/EstrellaOnline/status/1362232004868194312,12428,,
Panama,2021-02-05,Pfizer/BioNTech,https://twitter.com/EstrellaOnline/status/1362232004868194312,12441,,
Panama,2021-02-06,Pfizer/BioNTech,https://twitter.com/EstrellaOnline/status/1362232004868194312,12441,,
Panama,2021-02-07,Pfizer/BioNTech,https://twitter.com/EstrellaOnline/status/1362232004868194312,12441,,
Panama,2021-02-08,Pfizer/BioNTech,https://twitter.com/EstrellaOnline/status/1362232004868194312,12441,,
Panama,2021-02-09,Pfizer/BioNTech,https://twitter.com/EstrellaOnline/status/1362232004868194312,12441,,
Panama,2021-02-10,Pfizer/BioNTech,https://twitter.com/EstrellaOnline/status/1362232004868194312,12441,,
Panama,2021-02-11,Pfizer/BioNTech,https://twitter.com/EstrellaOnline/status/1362232004868194312,12441,,
Panama,2021-02-12,Pfizer/BioNTech,https://twitter.com/EstrellaOnline/status/1362232004868194312,12441,,
Panama,2021-02-13,Pfizer/BioNTech,https://twitter.com/EstrellaOnline/status/1362232004868194312,12441,,
Panama,2021-02-14,Pfizer/BioNTech,https://twitter.com/EstrellaOnline/status/1362232004868194312,12441,,
Panama,2021-02-15,Pfizer/BioNTech,https://twitter.com/EstrellaOnline/status/1362232004868194312,12441,,
Panama,2021-02-16,Pfizer/BioNTech,https://twitter.com/EstrellaOnline/status/1362232004868194312,12441,,
Panama,2021-02-17,Pfizer/BioNTech,https://twitter.com/EstrellaOnline/status/1362232004868194312,12772,,
Panama,2021-02-18,Pfizer/BioNTech,https://twitter.com/EstrellaOnline/status/1362936167289786370,13372,,
Panama,2021-02-19,Pfizer/BioNTech,https://twitter.com/EstrellaOnline/status/1362936167289786370,36114,,
Panama,2021-02-20,Pfizer/BioNTech,https://twitter.com/EstrellaOnline/status/1363302990770241537,45535,,
Panama,2021-02-21,Pfizer/BioNTech,https://twitter.com/EstrellaOnline/status/1363670749182099456,47848,,
Panama,2021-02-22,Pfizer/BioNTech,https://twitter.com/EstrellaOnline/status/1364021376663879689,56210,,
Panama,2021-02-23,Pfizer/BioNTech,https://twitter.com/EstrellaOnline/status/1364399919973425152,60088,,
Panama,2021-02-24,Pfizer/BioNTech,https://twitter.com/EstrellaOnline/status/1364767051252985859,70578,,
Panama,2021-02-25,Pfizer/BioNTech,https://twitter.com/EstrellaOnline/status/1365108039292977154,89419,,
Panama,2021-02-26,Pfizer/BioNTech,https://twitter.com/EstrellaOnline/status/1365831351035973640,106667,,
Panama,2021-02-27,Pfizer/BioNTech,https://twitter.com/EstrellaOnline/status/1365831351035973640,114529,,
Panama,2021-02-28,Pfizer/BioNTech,https://twitter.com/EstrellaOnline/status/1367293454255071233,117658,,
Panama,2021-03-01,Pfizer/BioNTech,https://twitter.com/EstrellaOnline/status/1367293454255071233,122305,,
Panama,2021-03-02,Pfizer/BioNTech,https://twitter.com/EstrellaOnline/status/1367293454255071233,128132,,
Panama,2021-03-03,Pfizer/BioNTech,https://twitter.com/EstrellaOnline/status/1367293454255071233,132610,,
Panama,2021-03-04,Pfizer/BioNTech,https://twitter.com/EstrellaOnline/status/1367724081051795456,150411,,
Panama,2021-03-05,Pfizer/BioNTech,https://twitter.com/EstrellaOnline/status/1368403553723813889,166931,,
Panama,2021-03-06,Pfizer/BioNTech,https://twitter.com/EstrellaOnline/status/1368403553723813889,194715,,
Panama,2021-03-07,Pfizer/BioNTech,https://twitter.com/EstrellaOnline/status/1368746204566331392/photo/1,208415,,
Panama,2021-03-08,Pfizer/BioNTech,https://twitter.com/EstrellaOnline/status/1369228979740278784,211751,,
Panama,2021-03-09,Pfizer/BioNTech,https://twitter.com/EstrellaOnline/status/1369470587375075329,214492,,
Panama,2021-03-10,Pfizer/BioNTech,https://twitter.com/EstrellaOnline/status/1370040326010900483,224765,,
Panama,2021-03-11,Pfizer/BioNTech,https://twitter.com/MINSAPma/status/1370185311289016326,233365,,
Panama,2021-03-12,Pfizer/BioNTech,https://twitter.com/MINSAPma/status/1370521877278494720/photo/1,245177,,
Panama,2021-03-13,Pfizer/BioNTech,https://twitter.com/EstrellaOnline/status/1371105449358073871/photo/1,252313,,
Panama,2021-03-14,Pfizer/BioNTech,https://twitter.com/EstrellaOnline/status/1371433758637834242/photo/1,253800,,
Panama,2021-03-15,Pfizer/BioNTech,https://twitter.com/MINSAPma/status/1371632651845664769,259843,,
Panama,2021-03-16,Pfizer/BioNTech,https://twitter.com/MINSAPma/status/1371991695039082498,266298,,
Panama,2021-03-18,Pfizer/BioNTech,https://twitter.com/EstrellaOnline/status/1372782415521800194,287086,,
Panama,2021-03-19,Pfizer/BioNTech,https://twitter.com/EstrellaOnline/status/1373205202216611841,297165,,
Panama,2021-03-20,Pfizer/BioNTech,https://twitter.com/EstrellaOnline/status/1373648935877816328,309324,,
Panama,2021-03-21,Pfizer/BioNTech,https://twitter.com/EstrellaOnline/status/1373999176644755457,309660,,
Panama,2021-03-22,Pfizer/BioNTech,https://twitter.com/MINSAPma/status/1374158652534362116,310108,,
Panama,2021-03-23,Pfizer/BioNTech,https://twitter.com/MINSAPma/status/1374546941422501890,312761,,
Panama,2021-03-24,Pfizer/BioNTech,https://twitter.com/MINSAPma/status/1374858925162520577,320079,,
Panama,2021-03-25,Pfizer/BioNTech,https://twitter.com/MINSAPma/status/1375225055714623488,329822,,
Panama,2021-03-26,Pfizer/BioNTech,https://twitter.com/MINSAPma/status/1375583976727977985,342716,,
Panama,2021-03-27,Pfizer/BioNTech,https://twitter.com/MINSAPma/status/1375970370679930880,352876,,
Panama,2021-03-28,Pfizer/BioNTech,https://twitter.com/MINSAPma/status/1376326017917333507/photo/3,357431,,
Panama,2021-03-29,Pfizer/BioNTech,https://twitter.com/MINSAPma/status/1376662708737675300/photo/3,358277,,
Panama,2021-03-30,Pfizer/BioNTech,https://fb.watch/4zFbSC-ruH/,364079,247539,116540
Panama,2021-03-31,Pfizer/BioNTech,https://twitter.com/MINSAPma/status/1377402299572613121/photo/1,370793,,
Panama,2021-04-01,Pfizer/BioNTech,https://twitter.com/MINSAPma/status/1377778846490054656/photo/2,373491,,
