location,date,vaccine,source_url,total_vaccinations,people_vaccinated,people_fully_vaccinated
Peru,2021-02-09,Sinopharm/Beijing,https://www.datosabiertos.gob.pe/dataset/vacunaci%C3%B3n-contra-covid-19-ministerio-de-salud-minsa,3837,3837,0
Peru,2021-02-10,Sinopharm/Beijing,https://www.datosabiertos.gob.pe/dataset/vacunaci%C3%B3n-contra-covid-19-ministerio-de-salud-minsa,20412,20412,0
Peru,2021-02-11,Sinopharm/Beijing,https://www.datosabiertos.gob.pe/dataset/vacunaci%C3%B3n-contra-covid-19-ministerio-de-salud-minsa,54208,54208,0
Peru,2021-02-12,Sinopharm/Beijing,https://www.datosabiertos.gob.pe/dataset/vacunaci%C3%B3n-contra-covid-19-ministerio-de-salud-minsa,86566,86566,0
Peru,2021-02-13,Sinopharm/Beijing,https://www.datosabiertos.gob.pe/dataset/vacunaci%C3%B3n-contra-covid-19-ministerio-de-salud-minsa,105476,105476,0
Peru,2021-02-14,Sinopharm/Beijing,https://www.datosabiertos.gob.pe/dataset/vacunaci%C3%B3n-contra-covid-19-ministerio-de-salud-minsa,110667,110667,0
Peru,2021-02-15,Sinopharm/Beijing,https://www.datosabiertos.gob.pe/dataset/vacunaci%C3%B3n-contra-covid-19-ministerio-de-salud-minsa,122214,122214,0
Peru,2021-02-16,Sinopharm/Beijing,https://www.datosabiertos.gob.pe/dataset/vacunaci%C3%B3n-contra-covid-19-ministerio-de-salud-minsa,129419,129419,0
Peru,2021-02-17,Sinopharm/Beijing,https://www.datosabiertos.gob.pe/dataset/vacunaci%C3%B3n-contra-covid-19-ministerio-de-salud-minsa,132986,132986,0
Peru,2021-02-18,Sinopharm/Beijing,https://www.datosabiertos.gob.pe/dataset/vacunaci%C3%B3n-contra-covid-19-ministerio-de-salud-minsa,139830,139830,0
Peru,2021-02-19,Sinopharm/Beijing,https://www.datosabiertos.gob.pe/dataset/vacunaci%C3%B3n-contra-covid-19-ministerio-de-salud-minsa,169259,169259,0
Peru,2021-02-20,Sinopharm/Beijing,https://www.datosabiertos.gob.pe/dataset/vacunaci%C3%B3n-contra-covid-19-ministerio-de-salud-minsa,194805,194805,0
Peru,2021-02-21,Sinopharm/Beijing,https://www.datosabiertos.gob.pe/dataset/vacunaci%C3%B3n-contra-covid-19-ministerio-de-salud-minsa,199038,199038,0
Peru,2021-02-22,Sinopharm/Beijing,https://www.datosabiertos.gob.pe/dataset/vacunaci%C3%B3n-contra-covid-19-ministerio-de-salud-minsa,226441,226441,0
Peru,2021-02-23,Sinopharm/Beijing,https://www.datosabiertos.gob.pe/dataset/vacunaci%C3%B3n-contra-covid-19-ministerio-de-salud-minsa,252942,252942,0
Peru,2021-02-24,Sinopharm/Beijing,https://www.datosabiertos.gob.pe/dataset/vacunaci%C3%B3n-contra-covid-19-ministerio-de-salud-minsa,274976,274976,0
Peru,2021-02-25,Sinopharm/Beijing,https://www.datosabiertos.gob.pe/dataset/vacunaci%C3%B3n-contra-covid-19-ministerio-de-salud-minsa,290395,290395,0
Peru,2021-02-26,Sinopharm/Beijing,https://www.datosabiertos.gob.pe/dataset/vacunaci%C3%B3n-contra-covid-19-ministerio-de-salud-minsa,305875,305875,0
Peru,2021-02-27,Sinopharm/Beijing,https://www.datosabiertos.gob.pe/dataset/vacunaci%C3%B3n-contra-covid-19-ministerio-de-salud-minsa,312634,312634,0
Peru,2021-02-28,Sinopharm/Beijing,https://www.datosabiertos.gob.pe/dataset/vacunaci%C3%B3n-contra-covid-19-ministerio-de-salud-minsa,313633,313633,0
Peru,2021-03-01,Sinopharm/Beijing,https://www.datosabiertos.gob.pe/dataset/vacunaci%C3%B3n-contra-covid-19-ministerio-de-salud-minsa,322520,322520,0
Peru,2021-03-02,Sinopharm/Beijing,https://www.datosabiertos.gob.pe/dataset/vacunaci%C3%B3n-contra-covid-19-ministerio-de-salud-minsa,330448,328825,1623
Peru,2021-03-03,Sinopharm/Beijing,https://www.datosabiertos.gob.pe/dataset/vacunaci%C3%B3n-contra-covid-19-ministerio-de-salud-minsa,347477,334862,12615
Peru,2021-03-04,Sinopharm/Beijing,https://www.datosabiertos.gob.pe/dataset/vacunaci%C3%B3n-contra-covid-19-ministerio-de-salud-minsa,376853,338520,38333
Peru,2021-03-05,Sinopharm/Beijing,https://www.datosabiertos.gob.pe/dataset/vacunaci%C3%B3n-contra-covid-19-ministerio-de-salud-minsa,410175,343074,67101
Peru,2021-03-06,Sinopharm/Beijing,https://www.datosabiertos.gob.pe/dataset/vacunaci%C3%B3n-contra-covid-19-ministerio-de-salud-minsa,426769,345716,81053
Peru,2021-03-07,Sinopharm/Beijing,https://www.datosabiertos.gob.pe/dataset/vacunaci%C3%B3n-contra-covid-19-ministerio-de-salud-minsa,428867,345844,83023
Peru,2021-03-08,Sinopharm/Beijing,https://www.datosabiertos.gob.pe/dataset/vacunaci%C3%B3n-contra-covid-19-ministerio-de-salud-minsa,453811,360338,93473
Peru,2021-03-09,Sinopharm/Beijing,https://www.datosabiertos.gob.pe/dataset/vacunaci%C3%B3n-contra-covid-19-ministerio-de-salud-minsa,475324,375839,99485
Peru,2021-03-10,Sinopharm/Beijing,https://www.datosabiertos.gob.pe/dataset/vacunaci%C3%B3n-contra-covid-19-ministerio-de-salud-minsa,490670,386906,103764
Peru,2021-03-11,Sinopharm/Beijing,https://www.datosabiertos.gob.pe/dataset/vacunaci%C3%B3n-contra-covid-19-ministerio-de-salud-minsa,502537,394214,108323
Peru,2021-03-12,Sinopharm/Beijing,https://www.datosabiertos.gob.pe/dataset/vacunaci%C3%B3n-contra-covid-19-ministerio-de-salud-minsa,524047,401497,122550
Peru,2021-03-13,Sinopharm/Beijing,https://www.datosabiertos.gob.pe/dataset/vacunaci%C3%B3n-contra-covid-19-ministerio-de-salud-minsa,554545,406750,147795
Peru,2021-03-14,Sinopharm/Beijing,https://www.datosabiertos.gob.pe/dataset/vacunaci%C3%B3n-contra-covid-19-ministerio-de-salud-minsa,557628,407303,150325
Peru,2021-03-15,Sinopharm/Beijing,https://www.datosabiertos.gob.pe/dataset/vacunaci%C3%B3n-contra-covid-19-ministerio-de-salud-minsa,592418,418568,173850
Peru,2021-03-16,Sinopharm/Beijing,https://www.datosabiertos.gob.pe/dataset/vacunaci%C3%B3n-contra-covid-19-ministerio-de-salud-minsa,623019,428628,194391
Peru,2021-03-17,Sinopharm/Beijing,https://www.datosabiertos.gob.pe/dataset/vacunaci%C3%B3n-contra-covid-19-ministerio-de-salud-minsa,657956,444161,213795
Peru,2021-03-18,Sinopharm/Beijing,https://www.datosabiertos.gob.pe/dataset/vacunaci%C3%B3n-contra-covid-19-ministerio-de-salud-minsa,696667,468797,227870
Peru,2021-03-19,Sinopharm/Beijing,https://www.datosabiertos.gob.pe/dataset/vacunaci%C3%B3n-contra-covid-19-ministerio-de-salud-minsa,734904,493135,241769
Peru,2021-03-20,Sinopharm/Beijing,https://www.datosabiertos.gob.pe/dataset/vacunaci%C3%B3n-contra-covid-19-ministerio-de-salud-minsa,755641,509076,246565
Peru,2021-03-21,Sinopharm/Beijing,https://www.datosabiertos.gob.pe/dataset/vacunaci%C3%B3n-contra-covid-19-ministerio-de-salud-minsa,757285,509742,247543
Peru,2021-03-22,Sinopharm/Beijing,https://www.datosabiertos.gob.pe/dataset/vacunaci%C3%B3n-contra-covid-19-ministerio-de-salud-minsa,771124,516703,254421
Peru,2021-03-23,Sinopharm/Beijing,https://www.datosabiertos.gob.pe/dataset/vacunaci%C3%B3n-contra-covid-19-ministerio-de-salud-minsa,786031,525700,260331
Peru,2021-03-24,Sinopharm/Beijing,https://www.datosabiertos.gob.pe/dataset/vacunaci%C3%B3n-contra-covid-19-ministerio-de-salud-minsa,800774,535138,265636
Peru,2021-03-25,Sinopharm/Beijing,https://www.datosabiertos.gob.pe/dataset/vacunaci%C3%B3n-contra-covid-19-ministerio-de-salud-minsa,812566,543522,269044
Peru,2021-03-26,Sinopharm/Beijing,https://www.datosabiertos.gob.pe/dataset/vacunaci%C3%B3n-contra-covid-19-ministerio-de-salud-minsa,826127,553679,272448
Peru,2021-03-27,Sinopharm/Beijing,https://www.datosabiertos.gob.pe/dataset/vacunaci%C3%B3n-contra-covid-19-ministerio-de-salud-minsa,833093,558178,274915
Peru,2021-03-28,Sinopharm/Beijing,https://www.datosabiertos.gob.pe/dataset/vacunaci%C3%B3n-contra-covid-19-ministerio-de-salud-minsa,833940,558862,275078
Peru,2021-03-29,Sinopharm/Beijing,https://www.datosabiertos.gob.pe/dataset/vacunaci%C3%B3n-contra-covid-19-ministerio-de-salud-minsa,839564,562154,277410
Peru,2021-03-30,Sinopharm/Beijing,https://www.datosabiertos.gob.pe/dataset/vacunaci%C3%B3n-contra-covid-19-ministerio-de-salud-minsa,844198,564814,279384
Peru,2021-03-31,Sinopharm/Beijing,https://www.datosabiertos.gob.pe/dataset/vacunaci%C3%B3n-contra-covid-19-ministerio-de-salud-minsa,848232,567551,280681
