location,date,vaccine,source_url,total_vaccinations,people_vaccinated,people_fully_vaccinated
Sweden,2020-12-27,"Oxford/AstraZeneca, Pfizer/BioNTech",https://www.folkhalsomyndigheten.se/smittskydd-beredskap/utbrott/aktuella-utbrott/covid-19/vaccination-mot-covid-19/statistik/statistik-over-registrerade-vaccinationer-covid-19/,1964,1964,0
Sweden,2021-01-03,"Oxford/AstraZeneca, Pfizer/BioNTech",https://www.folkhalsomyndigheten.se/smittskydd-beredskap/utbrott/aktuella-utbrott/covid-19/vaccination-mot-covid-19/statistik/statistik-over-registrerade-vaccinationer-covid-19/,14498,14498,0
Sweden,2021-01-10,"Oxford/AstraZeneca, Pfizer/BioNTech",https://www.folkhalsomyndigheten.se/smittskydd-beredskap/utbrott/aktuella-utbrott/covid-19/vaccination-mot-covid-19/statistik/statistik-over-registrerade-vaccinationer-covid-19/,48752,48752,0
Sweden,2021-01-17,"Oxford/AstraZeneca, Pfizer/BioNTech",https://www.folkhalsomyndigheten.se/smittskydd-beredskap/utbrott/aktuella-utbrott/covid-19/vaccination-mot-covid-19/statistik/statistik-over-registrerade-vaccinationer-covid-19/,122912,122882,30
Sweden,2021-01-24,"Oxford/AstraZeneca, Pfizer/BioNTech",https://www.folkhalsomyndigheten.se/smittskydd-beredskap/utbrott/aktuella-utbrott/covid-19/vaccination-mot-covid-19/statistik/statistik-over-registrerade-vaccinationer-covid-19/,235806,225866,9940
Sweden,2021-01-31,"Oxford/AstraZeneca, Pfizer/BioNTech",https://www.folkhalsomyndigheten.se/smittskydd-beredskap/utbrott/aktuella-utbrott/covid-19/vaccination-mot-covid-19/statistik/statistik-over-registrerade-vaccinationer-covid-19/,324024,289233,34791
Sweden,2021-02-07,"Oxford/AstraZeneca, Pfizer/BioNTech",https://www.folkhalsomyndigheten.se/smittskydd-beredskap/utbrott/aktuella-utbrott/covid-19/vaccination-mot-covid-19/statistik/statistik-over-registrerade-vaccinationer-covid-19/,422654,333469,89185
Sweden,2021-02-14,"Oxford/AstraZeneca, Pfizer/BioNTech",https://www.folkhalsomyndigheten.se/smittskydd-beredskap/utbrott/aktuella-utbrott/covid-19/vaccination-mot-covid-19/statistik/statistik-over-registrerade-vaccinationer-covid-19/,537418,380299,157119
Sweden,2021-02-21,"Oxford/AstraZeneca, Pfizer/BioNTech",https://www.folkhalsomyndigheten.se/smittskydd-beredskap/utbrott/aktuella-utbrott/covid-19/vaccination-mot-covid-19/statistik/statistik-over-registrerade-vaccinationer-covid-19/,691105,451605,239500
Sweden,2021-02-28,"Oxford/AstraZeneca, Pfizer/BioNTech",https://www.folkhalsomyndigheten.se/smittskydd-beredskap/utbrott/aktuella-utbrott/covid-19/vaccination-mot-covid-19/statistik/statistik-over-registrerade-vaccinationer-covid-19/,839960,549522,290438
Sweden,2021-03-07,"Oxford/AstraZeneca, Pfizer/BioNTech",https://www.folkhalsomyndigheten.se/smittskydd-beredskap/utbrott/aktuella-utbrott/covid-19/vaccination-mot-covid-19/statistik/statistik-over-registrerade-vaccinationer-covid-19/,1023255,695640,327615
Sweden,2021-03-14,"Oxford/AstraZeneca, Pfizer/BioNTech",https://www.folkhalsomyndigheten.se/smittskydd-beredskap/utbrott/aktuella-utbrott/covid-19/vaccination-mot-covid-19/statistik/statistik-over-registrerade-vaccinationer-covid-19/,1238830,871826,367004
Sweden,2021-03-21,"Oxford/AstraZeneca, Pfizer/BioNTech",https://www.folkhalsomyndigheten.se/smittskydd-beredskap/utbrott/aktuella-utbrott/covid-19/vaccination-mot-covid-19/statistik/statistik-over-registrerade-vaccinationer-covid-19/,1410344,989260,421084
Sweden,2021-03-25,"Oxford/AstraZeneca, Pfizer/BioNTech",https://www.folkhalsomyndigheten.se/smittskydd-beredskap/utbrott/aktuella-utbrott/covid-19/vaccination-mot-covid-19/statistik/statistik-over-registrerade-vaccinationer-covid-19/,1438715,1005559,433156
Sweden,2021-03-26,"Oxford/AstraZeneca, Pfizer/BioNTech",https://www.folkhalsomyndigheten.se/smittskydd-beredskap/utbrott/aktuella-utbrott/covid-19/vaccination-mot-covid-19/statistik/statistik-over-registrerade-vaccinationer-covid-19/,1482153,1034547,447606
Sweden,2021-03-30,"Oxford/AstraZeneca, Pfizer/BioNTech",https://www.folkhalsomyndigheten.se/smittskydd-beredskap/utbrott/aktuella-utbrott/covid-19/vaccination-mot-covid-19/statistik/statistik-over-registrerade-vaccinationer-covid-19/,1588671,1106132,482539
Sweden,2021-03-31,"Oxford/AstraZeneca, Pfizer/BioNTech",https://www.folkhalsomyndigheten.se/smittskydd-beredskap/utbrott/aktuella-utbrott/covid-19/vaccination-mot-covid-19/statistik/statistik-over-registrerade-vaccinationer-covid-19/,1611510,1125472,486038
Sweden,2021-04-01,"Oxford/AstraZeneca, Pfizer/BioNTech",https://www.folkhalsomyndigheten.se/smittskydd-beredskap/utbrott/aktuella-utbrott/covid-19/vaccination-mot-covid-19/statistik/statistik-over-registrerade-vaccinationer-covid-19/,1666783,1167532,499251
