location,date,vaccine,source_url,total_vaccinations,people_vaccinated,people_fully_vaccinated
Switzerland,2021-01-24,Pfizer/BioNTech,https://www.covid19.admin.ch/en/epidemiologic/vacc-doses?detGeo=CH,197250,,
Switzerland,2021-01-25,Pfizer/BioNTech,https://www.covid19.admin.ch/en/epidemiologic/vacc-doses?detGeo=CH,205861,,
Switzerland,2021-01-26,Pfizer/BioNTech,https://www.covid19.admin.ch/en/epidemiologic/vacc-doses?detGeo=CH,215116,,
Switzerland,2021-01-27,Pfizer/BioNTech,https://www.covid19.admin.ch/en/epidemiologic/vacc-doses?detGeo=CH,259085,,
Switzerland,2021-01-28,Pfizer/BioNTech,https://www.covid19.admin.ch/en/epidemiologic/vacc-doses?detGeo=CH,269834,,
Switzerland,2021-01-29,"Moderna, Pfizer/BioNTech",https://www.covid19.admin.ch/en/epidemiologic/vacc-doses?detGeo=CH,279164,,
Switzerland,2021-01-30,"Moderna, Pfizer/BioNTech",https://www.covid19.admin.ch/en/epidemiologic/vacc-doses?detGeo=CH,280440,,
Switzerland,2021-01-31,"Moderna, Pfizer/BioNTech",https://www.covid19.admin.ch/en/epidemiologic/vacc-doses?detGeo=CH,314209,,
Switzerland,2021-02-01,"Moderna, Pfizer/BioNTech",https://www.covid19.admin.ch/en/epidemiologic/vacc-doses?detGeo=CH,322656,,
Switzerland,2021-02-02,"Moderna, Pfizer/BioNTech",https://www.covid19.admin.ch/en/epidemiologic/vacc-doses?detGeo=CH,332230,,
Switzerland,2021-02-03,"Moderna, Pfizer/BioNTech",https://www.covid19.admin.ch/en/epidemiologic/vacc-doses?detGeo=CH,370420,,
Switzerland,2021-02-04,"Moderna, Pfizer/BioNTech",https://www.covid19.admin.ch/en/epidemiologic/vacc-doses?detGeo=CH,380927,,
Switzerland,2021-02-05,"Moderna, Pfizer/BioNTech",https://www.covid19.admin.ch/en/epidemiologic/vacc-doses?detGeo=CH,390861,,
Switzerland,2021-02-06,"Moderna, Pfizer/BioNTech",https://www.covid19.admin.ch/en/epidemiologic/vacc-doses?detGeo=CH,392044,,
Switzerland,2021-02-07,"Moderna, Pfizer/BioNTech",https://www.covid19.admin.ch/en/epidemiologic/vacc-doses?detGeo=CH,413147,,
Switzerland,2021-02-08,"Moderna, Pfizer/BioNTech",https://www.covid19.admin.ch/en/epidemiologic/vacc-doses?detGeo=CH,423856,,
Switzerland,2021-02-09,"Moderna, Pfizer/BioNTech",https://www.covid19.admin.ch/en/epidemiologic/vacc-doses?detGeo=CH,435409,,
Switzerland,2021-02-10,"Moderna, Pfizer/BioNTech",https://www.covid19.admin.ch/en/epidemiologic/vacc-doses?detGeo=CH,482127,,
Switzerland,2021-02-11,"Moderna, Pfizer/BioNTech",https://www.covid19.admin.ch/en/epidemiologic/vacc-doses?detGeo=CH,494788,,
Switzerland,2021-02-12,"Moderna, Pfizer/BioNTech",https://www.covid19.admin.ch/en/epidemiologic/vacc-doses?detGeo=CH,508284,,
Switzerland,2021-02-13,"Moderna, Pfizer/BioNTech",https://www.covid19.admin.ch/en/epidemiologic/vacc-doses?detGeo=CH,510753,,
Switzerland,2021-02-14,"Moderna, Pfizer/BioNTech",https://www.covid19.admin.ch/en/epidemiologic/vacc-doses?detGeo=CH,542282,440146,102136
Switzerland,2021-02-15,"Moderna, Pfizer/BioNTech",https://www.covid19.admin.ch/en/epidemiologic/vacc-doses?detGeo=CH,555107,446893,108214
Switzerland,2021-02-16,"Moderna, Pfizer/BioNTech",https://www.covid19.admin.ch/en/epidemiologic/vacc-doses?detGeo=CH,569633,454389,115244
Switzerland,2021-02-17,"Moderna, Pfizer/BioNTech",https://www.covid19.admin.ch/en/epidemiologic/vacc-doses?detGeo=CH,612301,474758,137543
Switzerland,2021-02-18,"Moderna, Pfizer/BioNTech",https://www.covid19.admin.ch/en/epidemiologic/vacc-doses?detGeo=CH,628181,482475,145706
Switzerland,2021-02-19,"Moderna, Pfizer/BioNTech",https://www.covid19.admin.ch/en/epidemiologic/vacc-doses?detGeo=CH,641495,488239,153256
Switzerland,2021-02-20,"Moderna, Pfizer/BioNTech",https://www.covid19.admin.ch/en/epidemiologic/vacc-doses?detGeo=CH,644128,488839,155289
Switzerland,2021-02-21,"Moderna, Pfizer/BioNTech",https://www.covid19.admin.ch/en/epidemiologic/vacc-doses?detGeo=CH,674117,500845,173272
Switzerland,2021-02-22,"Moderna, Pfizer/BioNTech",https://www.covid19.admin.ch/en/epidemiologic/vacc-doses?detGeo=CH,685180,505338,179842
Switzerland,2021-02-23,"Moderna, Pfizer/BioNTech",https://www.covid19.admin.ch/en/epidemiologic/vacc-doses?detGeo=CH,698590,510984,187606
Switzerland,2021-02-24,"Moderna, Pfizer/BioNTech",https://www.covid19.admin.ch/en/epidemiologic/vacc-doses?detGeo=CH,749158,528063,221095
Switzerland,2021-02-25,"Moderna, Pfizer/BioNTech",https://www.covid19.admin.ch/en/epidemiologic/vacc-doses?detGeo=CH,761890,532550,229340
Switzerland,2021-02-26,"Moderna, Pfizer/BioNTech",https://www.covid19.admin.ch/en/epidemiologic/vacc-doses?detGeo=CH,773318,536757,236561
Switzerland,2021-02-27,"Moderna, Pfizer/BioNTech",https://www.covid19.admin.ch/en/epidemiologic/vacc-doses?detGeo=CH,774954,537483,237471
Switzerland,2021-02-28,"Moderna, Pfizer/BioNTech",https://www.covid19.admin.ch/en/epidemiologic/vacc-doses?detGeo=CH,807034,547160,259874
Switzerland,2021-03-01,"Moderna, Pfizer/BioNTech",https://www.covid19.admin.ch/en/epidemiologic/vacc-doses?detGeo=CH,819198,553793,265405
Switzerland,2021-03-02,"Moderna, Pfizer/BioNTech",https://www.covid19.admin.ch/en/epidemiologic/vacc-doses?detGeo=CH,832324,561057,271267
Switzerland,2021-03-03,"Moderna, Pfizer/BioNTech",https://www.covid19.admin.ch/en/epidemiologic/vacc-doses?detGeo=CH,884050,583388,300662
Switzerland,2021-03-04,"Moderna, Pfizer/BioNTech",https://www.covid19.admin.ch/en/epidemiologic/vacc-doses?detGeo=CH,898840,591791,307049
Switzerland,2021-03-05,"Moderna, Pfizer/BioNTech",https://www.covid19.admin.ch/en/epidemiologic/vacc-doses?detGeo=CH,910841,598876,311965
Switzerland,2021-03-06,"Moderna, Pfizer/BioNTech",https://www.covid19.admin.ch/en/epidemiologic/vacc-doses?detGeo=CH,912436,599982,312454
Switzerland,2021-03-07,"Moderna, Pfizer/BioNTech",https://www.covid19.admin.ch/en/epidemiologic/vacc-doses?detGeo=CH,950710,617804,332906
Switzerland,2021-03-08,"Moderna, Pfizer/BioNTech",https://www.covid19.admin.ch/en/epidemiologic/vacc-doses?detGeo=CH,962474,624833,337641
Switzerland,2021-03-09,"Moderna, Pfizer/BioNTech",https://www.covid19.admin.ch/en/epidemiologic/vacc-doses?detGeo=CH,975773,632653,343120
Switzerland,2021-03-10,"Moderna, Pfizer/BioNTech",https://www.covid19.admin.ch/en/epidemiologic/vacc-doses?detGeo=CH,1037474,667576,369898
Switzerland,2021-03-11,"Moderna, Pfizer/BioNTech",https://www.covid19.admin.ch/en/epidemiologic/vacc-doses?detGeo=CH,1051496,675984,375512
Switzerland,2021-03-12,"Moderna, Pfizer/BioNTech",https://www.covid19.admin.ch/en/epidemiologic/vacc-doses?detGeo=CH,1065536,683866,381670
Switzerland,2021-03-13,"Moderna, Pfizer/BioNTech",https://www.covid19.admin.ch/en/epidemiologic/vacc-doses?detGeo=CH,1067467,684897,382570
Switzerland,2021-03-14,"Moderna, Pfizer/BioNTech",https://www.covid19.admin.ch/en/epidemiologic/vacc-doses?detGeo=CH,1100365,704957,395408
Switzerland,2021-03-15,"Moderna, Pfizer/BioNTech",https://www.covid19.admin.ch/en/epidemiologic/vacc-doses?detGeo=CH,1114018,711628,402390
Switzerland,2021-03-16,"Moderna, Pfizer/BioNTech",https://www.covid19.admin.ch/en/epidemiologic/vacc-doses?detGeo=CH,1128812,718609,410203
Switzerland,2021-03-17,"Moderna, Pfizer/BioNTech",https://www.covid19.admin.ch/en/epidemiologic/vacc-doses?detGeo=CH,1178465,745433,433032
Switzerland,2021-03-18,"Moderna, Pfizer/BioNTech",https://www.covid19.admin.ch/en/epidemiologic/vacc-doses?detGeo=CH,1194187,753721,440466
Switzerland,2021-03-19,"Moderna, Pfizer/BioNTech",https://www.covid19.admin.ch/en/epidemiologic/vacc-doses?detGeo=CH,1209038,762263,446775
Switzerland,2021-03-20,"Moderna, Pfizer/BioNTech",https://www.covid19.admin.ch/en/epidemiologic/vacc-doses?detGeo=CH,1210332,763318,447014
Switzerland,2021-03-21,"Moderna, Pfizer/BioNTech",https://www.covid19.admin.ch/en/epidemiologic/vacc-doses?detGeo=CH,1249196,784141,465055
Switzerland,2021-03-22,"Moderna, Pfizer/BioNTech",https://www.covid19.admin.ch/en/epidemiologic/vacc-doses?detGeo=CH,1264304,792202,472102
Switzerland,2021-03-23,"Moderna, Pfizer/BioNTech",https://www.covid19.admin.ch/en/epidemiologic/vacc-doses?detGeo=CH,1281732,802110,479622
Switzerland,2021-03-24,"Moderna, Pfizer/BioNTech",https://www.covid19.admin.ch/en/epidemiologic/vacc-doses?detGeo=CH,1343278,838185,505093
Switzerland,2021-03-25,"Moderna, Pfizer/BioNTech",https://www.covid19.admin.ch/en/epidemiologic/vacc-doses?detGeo=CH,1362869,850425,512444
Switzerland,2021-03-26,"Moderna, Pfizer/BioNTech",https://www.covid19.admin.ch/en/epidemiologic/vacc-doses?detGeo=CH,1379602,860660,518942
Switzerland,2021-03-27,"Moderna, Pfizer/BioNTech",https://www.covid19.admin.ch/en/epidemiologic/vacc-doses?detGeo=CH,1381272,861481,519791
Switzerland,2021-03-28,"Moderna, Pfizer/BioNTech",https://www.covid19.admin.ch/en/epidemiologic/vacc-doses?detGeo=CH,1431525,898010,533515
