location,date,vaccine,source_url,total_vaccinations,people_vaccinated,people_fully_vaccinated
Thailand,2021-02-27,Sinovac,https://www.bangkokpost.com/thailand/general/2076339/thailand-adds-80-covid-cases-monday,0,0,0
Thailand,2021-03-01,Sinovac,https://www.bangkokpost.com/thailand/general/2076339/thailand-adds-80-covid-cases-monday,319,319,0
Thailand,2021-03-02,Sinovac,https://thestandard.co/people-who-have-been-vaccinated-against-covid-19-in-thailand/,7262,7262,0
Thailand,2021-03-10,Sinovac,https://www.rfa.org/english/news/myanmar/vaccinate-03102021170611.html,33621,33621,0
Thailand,2021-03-13,"Oxford/AstraZeneca, Sinovac",https://thethaiger.com/coronavirus/thailands-private-hospitals-planning-to-profit-off-covid-19-vaccine,53842,53842,0
Thailand,2021-03-24,"Oxford/AstraZeneca, Sinovac",https://www.archyde.com/update-96188-cumulative-covid-vaccination-new-lot-which-province-get-how-much-check-now/,102050,96188,5862
Thailand,2021-03-30,"Oxford/AstraZeneca, Sinovac",https://www.facebook.com/OICDDC/posts/3823323381121560?__cft__[0]=AZUBhFzaeqDrKw94O4rihYF25MEE3u-iYzTFdrO7mUmZcGQl3SEzU337_BYPaoM-KuiPJ-if2dWLg2Z_skUes3sbCR10KVgC_TxkfA6nWv4yHDccwsAuvsfG2vHMtwtD3KGiJ4s8V1B80gZalb94AQOtE1DV5yvqAlKMfJQJqdYiKg&__tn__=%2CO%2CP-R,180477,151413,29064
