location,date,vaccine,source_url,total_vaccinations,people_vaccinated,people_fully_vaccinated
Turks and Caicos Islands,2021-01-10,Pfizer/BioNTech,https://www.visittci.com/travel-info/turks-and-caicos-coronavirus-covid-19-vaccine,0,0,
Turks and Caicos Islands,2021-02-08,Pfizer/BioNTech,https://www.facebook.com/tcihealthpromotions/posts/1892840824219198,6433,6433,
Turks and Caicos Islands,2021-03-14,Pfizer/BioNTech,https://www.facebook.com/tcihealthpromotions/photos/1923854537784493,11283,11283,
Turks and Caicos Islands,2021-03-21,Pfizer/BioNTech,https://www.facebook.com/tcihealthpromotions/posts/1929025373934076,12935,12935,
