location,date,vaccine,source_url,total_vaccinations,people_vaccinated,people_fully_vaccinated
Venezuela,2021-02-17,Sputnik V,https://www.france24.com/en/live-news/20210218-venezuela-kicks-off-covid-vaccine-program,0,0,
Venezuela,2021-02-22,Sputnik V,https://www.reuters.com/article/us-health-coronavirus-venezuela-vaccine/venezuela-inoculates-health-workers-in-caracas-hospital-idUSKBN2AM2FR,157,157,
Venezuela,2021-03-04,Sputnik V,https://www.semana.com/mundo/articulo/y-el-carvativir-venezuela-solo-ha-vacunado-a-unas-12000-personas-contra-el-coronavirus/202126/,12194,12194,
Venezuela,2021-03-26,Sputnik V,https://cronica.uno/cinco-semanas-de-vacunacion-contra-la-covid-19-transcurrieron-en-medio-de-gran-desinformacion/,14223,14223,
